"t","Exp1Run1","Exp1Run2","Exp1Run3","Exp1Run4","Exp1Run5","Exp2Run1","Exp2Run2","Exp2Run3","Exp2Run4","Exp2Run5","Exp3Run1","Exp3Run2","Exp3Run3","Exp3Run4","Exp3Run5","Exp4Run1","Exp4Run2","Exp4Run3","Exp4Run4","Exp4Run5","Exp5Run1","Exp5Run2","Exp5Run3","Exp5Run4","Exp5Run5","Exp6Run1","Exp6Run2","Exp6Run3","Exp6Run4","Exp6Run5","Exp7Run1","Exp7Run2","Exp7Run3","Exp7Run4","Exp7Run5","Exp8Run1","Exp8Run2","Exp8Run3","Exp8Run4","Exp8Run5","Exp9Run1","Exp9Run2","Exp9Run3","Exp9Run4","Exp9Run5"
1,0,0,0,0,0,0,0,0,0,0,0,0,0,0,0,0,0,0,0,0,0,0,0,0,0,0,0,0,0,0,0,0,0,0,0,0,0,0,0,0,0,0,0,0,0
2,0,0,0,0,0,0,0,0,0,0,0,0,0,0,0,0,0,0,0,0,0,0,0,0,0,0,0,0,0,0,0,0,0,0,0,0,0,0,0,0,0,0,0,0,0
3,0,0,0,0,0,0,0,0,0,0,0,0,0,0,0,0,0,0,0,0,0,0,0,0,0,0,0,0,0,0,0,0,0,0,0,0,0,0,0,0,0,0,0,0,0
4,0,0,0,0,1,0,0,0,0,0,0,0,0,0,0,0,0,0,0,0,0,0,0,0,0,0,0,0,0,0,0,0,0,0,0,0,0,0,0,0,0,0,0,0,0
5,0,0,0,0,0,0,0,0,0,0,0,0,0,0,0,0,0,0,0,0,0,0,0,0,0,0,0,0,0,0,0,0,0,0,0,0,0,0,0,0,0,0,0,0,0
6,0,1,0,0,0,0,1,0,1,0,0,0,0,0,0,0,1,1,1,0,0,0,0,0,0,0,0,0,0,1,0,0,0,0,0,0,0,0,0,0,0,0,0,0,0
7,0,0,0,0,0,0,0,0,0,0,0,0,0,0,0,0,0,0,0,0,0,0,0,0,0,0,0,0,0,0,0,0,0,0,0,0,0,0,0,0,0,0,0,0,0
8,0,0,0,0,0,0,0,0,0,0,0,0,0,0,0,0,0,0,0,0,0,0,0,0,0,0,0,0,0,0,0,0,0,0,0,0,0,0,0,0,0,0,0,0,0
9,0,0,0,0,0,0,0,0,0,0,0,0,0,0,0,0,0,0,0,0,0,0,0,0,0,0,0,0,0,0,0,0,0,0,0,0,0,0,0,0,0,0,0,0,0
10,0,0,0,0,0,0,0,0,0,0,0,0,0,0,0,0,0,0,0,0,0,0,0,0,0,0,0,0,0,0,0,0,0,0,0,0,0,0,0,0,0,0,0,0,0
11,0,0,0,0,0,0,0,0,0,0,0,0,0,0,0,0,0,0,0,0,0,0,0,0,0,0,0,0,0,0,0,0,0,0,0,0,0,0,0,0,0,0,0,0,0
12,0,0,0,0,0,0,0,0,0,0,0,0,0,0,0,0,0,0,0,0,0,0,0,0,0,0,0,0,0,0,0,0,0,0,0,0,0,0,0,0,0,0,0,0,0
13,0,0,0,0,0,0,0,0,0,0,0,0,0,0,0,0,0,0,0,0,0,0,0,0,0,0,0,0,0,0,0,0,0,0,0,0,0,0,0,0,0,0,0,0,0
14,0,0,0,0,0,0,0,0,0,0,0,0,0,0,0,0,0,0,0,0,0,0,0,0,0,0,0,0,0,0,0,0,0,0,0,0,0,0,0,0,0,0,0,0,0
15,0,0,0,0,0,0,0,0,0,0,0,0,0,0,0,0,0,0,0,0,0,0,0,0,0,0,0,0,0,0,0,0,0,0,0,0,0,0,0,0,0,0,0,0,0
16,0,0,0,0,0,0,0,0,0,0,0,0,0,0,0,0,0,0,0,0,0,0,0,0,0,0,0,0,0,0,0,0,0,0,0,0,0,0,0,0,0,0,0,0,0
17,0,0,0,0,0,0,0,0,0,0,0,0,0,0,0,0,0,0,0,0,0,0,0,0,0,0,0,0,0,0,0,0,0,0,0,0,0,0,0,0,0,0,0,0,0
18,0,0,0,0,0,0,0,0,0,0,0,0,0,0,0,0,0,0,0,0,0,0,0,0,0,0,0,0,0,2,0,0,0,0,0,0,0,0,0,0,0,0,0,0,0
19,0,0,0,1,0,0,0,1,0,1,0,0,0,0,0,0,0,0,0,1,0,1,0,0,1,0,0,0,1,0,0,0,1,0,0,0,0,0,0,0,0,0,0,0,0
20,0,0,1,2,0,0,0,0,0,1,0,2,0,0,1,0,1,1,1,0,0,0,0,0,0,0,0,0,0,0,0,1,1,0,1,0,1,2,0,0,0,0,0,0,2
21,1,0,1,2,0,1,0,1,3,0,1,0,0,1,2,1,1,0,2,0,1,1,1,1,1,1,1,0,1,1,1,3,0,1,1,1,0,0,0,0,1,2,1,3,3
22,1,1,1,1,0,1,1,5,0,1,1,2,0,0,5,1,3,1,1,1,1,0,0,1,1,1,0,0,1,2,1,2,1,1,1,1,0,1,1,0,1,1,0,2,0
23,2,1,1,3,2,2,2,1,0,1,2,1,0,2,3,2,3,2,4,5,2,4,3,2,1,2,1,3,2,0,2,2,2,1,2,2,0,0,2,4,2,4,1,4,5
24,1,0,0,1,0,1,0,0,0,0,1,1,0,0,0,1,1,0,0,1,1,0,0,0,0,1,0,0,0,0,1,1,1,0,0,1,1,1,1,0,1,0,2,1,2
25,0,0,1,1,0,0,0,0,0,0,0,0,0,0,0,0,0,0,0,0,0,0,0,0,1,0,1,0,0,0,0,1,0,0,0,0,0,0,0,0,0,0,0,0,0
26,0,0,0,0,0,0,0,0,0,0,0,2,1,0,2,0,2,1,1,1,0,1,1,1,0,0,0,1,2,0,0,0,1,0,0,0,0,1,0,0,0,0,1,1,1
27,0,0,0,1,0,0,0,0,0,0,0,0,0,0,0,0,1,0,0,0,0,0,1,1,2,0,0,0,0,1,0,0,0,0,0,0,0,0,1,0,0,0,1,1,0
28,0,0,0,0,0,0,0,2,0,0,0,0,0,0,0,0,0,0,0,0,0,0,1,2,0,0,0,1,0,0,0,0,0,0,0,0,1,0,0,0,0,0,0,0,0
29,0,0,0,0,0,0,0,1,0,0,0,1,0,0,0,0,1,0,0,0,0,0,0,0,0,0,0,0,0,0,0,0,1,1,0,0,0,1,0,1,0,0,0,0,0
30,1,0,0,1,0,1,0,0,0,0,1,1,0,1,0,1,0,0,0,0,1,0,0,0,0,1,0,0,0,0,1,0,0,0,0,1,0,0,0,0,1,1,0,0,0
31,0,0,0,0,0,0,1,0,0,1,0,0,0,0,0,0,0,0,0,0,0,0,0,1,0,0,0,0,0,0,0,1,0,0,0,0,0,0,0,0,0,0,0,0,0
32,0,0,0,1,0,0,0,0,0,0,0,0,0,0,0,0,0,0,0,0,0,1,1,0,0,0,0,0,0,0,0,0,0,0,0,0,0,0,0,0,0,0,1,0,0
33,0,0,0,0,0,0,0,0,0,0,0,0,0,0,0,0,0,0,1,1,0,0,0,0,0,0,0,0,0,0,0,0,0,0,1,0,0,0,0,0,0,0,0,0,0
34,1,0,0,1,0,1,0,0,0,0,1,0,0,1,0,1,0,0,0,0,1,0,0,0,0,1,0,0,0,1,1,0,0,0,0,1,0,0,0,0,1,0,0,0,0
35,0,0,0,0,0,0,0,0,0,0,0,0,0,0,0,0,0,0,0,0,0,0,0,1,0,0,0,0,0,0,0,0,1,0,0,0,0,0,0,0,0,0,0,1,0
36,0,0,0,0,0,0,0,0,0,0,0,0,0,0,0,0,0,0,0,0,0,0,0,0,0,0,1,0,0,0,0,0,0,0,0,0,0,0,0,0,0,0,0,0,1
37,0,0,0,0,0,0,0,0,0,0,0,0,0,0,0,0,0,0,0,1,0,0,0,0,0,0,0,0,0,0,0,0,0,1,0,0,0,0,0,0,0,0,0,0,0
38,0,1,0,0,0,0,0,0,0,0,0,0,0,0,0,0,1,0,0,0,0,0,0,0,0,0,0,1,0,0,0,0,0,0,0,0,0,0,0,0,0,0,0,0,0
39,0,0,0,0,0,0,0,0,0,0,0,0,0,0,0,0,1,0,0,0,0,0,0,0,0,0,0,0,0,1,0,0,0,0,0,0,0,0,1,0,0,0,0,0,0
40,0,0,0,0,0,0,0,0,1,0,0,0,1,0,0,0,0,0,1,0,0,0,0,0,0,0,0,0,0,0,0,0,0,0,0,0,0,0,0,0,0,0,0,0,0
41,0,0,0,0,0,0,0,0,1,0,0,1,0,0,0,0,0,0,1,0,0,1,0,0,1,0,0,0,0,0,0,0,0,1,1,0,0,0,0,0,0,1,0,0,1
42,1,0,1,0,0,1,0,0,1,0,1,0,0,0,1,1,0,0,0,0,1,0,0,1,0,1,0,0,0,1,1,0,1,1,0,1,0,0,0,0,1,1,0,1,0
43,0,0,0,0,0,0,0,1,0,0,0,0,1,1,1,0,0,1,0,0,0,1,0,1,0,0,1,0,0,0,0,0,0,1,1,0,0,0,0,1,0,1,1,0,0
44,0,0,0,0,0,0,0,0,0,0,0,0,0,0,0,0,0,1,0,0,0,0,0,0,0,0,0,0,0,0,0,0,0,1,0,0,0,0,0,0,0,0,0,0,0
45,0,0,0,0,0,0,0,0,0,0,0,0,0,0,0,0,0,0,0,0,0,0,0,0,0,0,0,0,0,0,0,0,0,0,0,0,0,0,0,0,0,0,0,0,1
46,0,0,0,0,0,0,0,0,1,0,0,0,0,0,0,0,0,0,0,0,0,0,0,0,0,0,1,0,0,0,0,0,0,0,0,0,0,0,0,0,0,0,0,0,0
47,0,0,1,0,0,0,0,0,0,0,0,0,0,0,0,0,0,0,0,0,0,0,1,0,0,0,0,0,0,0,0,0,0,0,0,0,0,0,0,0,0,0,0,0,0
48,0,0,0,0,0,0,0,1,0,0,0,0,0,0,0,0,0,0,0,0,0,0,0,0,0,0,0,0,0,0,0,0,0,0,0,0,0,0,0,0,0,0,0,0,0
49,0,0,0,0,0,0,0,0,0,0,0,0,0,0,0,0,0,0,0,0,0,0,0,0,0,0,0,0,0,0,0,0,0,0,0,0,0,0,0,0,0,0,0,0,0
50,0,0,0,0,0,0,0,0,0,0,0,0,0,0,0,0,0,0,0,0,0,0,0,0,0,0,0,0,0,0,0,0,0,0,0,0,0,0,0,0,0,0,0,0,0
51,0,0,0,0,0,0,0,0,0,0,0,0,0,0,0,0,0,0,0,0,0,0,0,0,0,0,0,0,0,0,0,0,0,0,0,0,0,0,0,0,0,0,0,0,0
52,0,0,0,0,0,0,0,0,0,0,0,0,0,0,0,0,0,0,0,0,0,0,0,0,0,0,0,0,0,0,0,0,0,0,1,0,0,0,0,0,0,0,0,0,0
53,0,0,0,0,0,0,0,0,0,0,0,0,0,0,0,0,0,0,0,1,0,0,0,0,0,0,0,0,0,0,0,0,0,0,0,0,0,0,0,0,0,0,0,0,0
54,0,0,0,0,0,0,0,0,0,0,0,0,0,0,0,0,0,0,0,0,0,0,0,0,0,0,0,0,0,0,0,1,0,0,0,0,0,0,0,0,0,0,0,0,0
55,0,0,0,0,0,0,0,0,1,0,0,0,0,0,0,0,0,0,0,0,0,0,0,0,0,0,0,0,0,0,0,0,0,0,0,0,0,0,0,0,0,0,0,0,0
56,0,0,0,0,0,0,0,0,0,0,0,0,0,0,0,0,0,0,0,0,0,0,0,0,0,0,0,0,0,0,0,0,0,0,0,0,0,0,0,0,0,0,0,0,0
57,0,0,0,0,0,0,0,0,1,0,0,0,0,0,0,0,0,0,0,0,0,0,0,0,0,0,0,0,0,0,0,0,0,0,0,0,0,0,0,0,0,0,0,0,0
58,0,0,0,0,0,0,0,0,0,0,0,0,0,0,0,0,0,0,0,0,0,0,0,0,0,0,0,0,0,0,0,0,0,0,0,0,0,0,0,0,0,0,0,0,0
59,0,0,0,0,0,0,0,0,0,0,0,0,0,0,0,0,0,0,0,0,0,0,0,0,0,0,0,0,0,0,0,0,0,0,0,0,0,0,0,0,0,0,0,0,0
60,0,0,0,0,0,0,0,0,0,0,0,0,0,0,0,0,0,0,0,0,0,0,0,0,0,0,0,0,0,0,0,0,0,0,0,0,0,0,0,0,0,0,0,0,0
61,0,0,0,0,0,0,0,0,0,0,0,0,0,0,0,0,0,0,0,0,0,0,0,0,0,0,0,0,0,0,0,0,0,0,0,0,0,0,0,0,0,0,0,0,0
62,0,0,0,0,4,0,0,0,0,0,0,0,0,0,0,0,0,0,0,0,0,0,0,0,0,0,0,0,0,0,0,0,0,0,0,0,0,0,0,2,0,0,0,0,0
63,0,0,0,0,1,0,0,0,0,0,0,0,0,0,0,0,0,0,1,0,0,0,0,0,0,0,0,0,0,0,0,0,0,0,0,0,0,0,0,3,0,0,0,0,0
64,0,0,0,0,2,0,0,0,0,0,0,0,0,0,0,0,0,0,0,0,0,0,0,0,0,0,0,0,0,0,0,0,0,0,0,0,0,0,0,0,0,0,0,0,0
65,0,0,0,0,1,0,0,0,0,0,0,0,0,0,0,0,0,0,0,0,0,0,0,0,0,0,0,0,0,0,0,0,0,0,0,0,0,0,0,0,0,0,0,0,0
66,0,0,3,0,1,0,0,0,0,0,0,0,0,0,0,0,0,0,0,0,0,0,0,0,0,0,0,0,0,0,0,0,0,0,1,0,0,0,0,1,0,0,0,0,0
67,0,0,2,0,1,0,0,0,0,0,0,0,2,0,0,0,0,0,0,0,0,0,0,0,0,0,0,0,0,0,0,0,0,0,1,0,0,0,0,0,0,0,0,0,0
68,0,0,1,0,1,0,0,0,0,0,0,0,1,0,0,0,0,0,0,0,0,0,0,0,1,0,0,0,0,0,0,0,0,0,0,0,0,1,0,3,0,0,0,0,0
69,0,0,0,0,3,0,0,0,0,0,0,0,0,0,0,0,0,0,0,0,0,0,0,0,1,0,0,1,0,0,0,0,0,0,1,0,0,0,0,2,0,0,0,0,0
70,0,0,3,0,1,0,0,0,0,0,0,0,1,0,0,0,0,0,0,0,0,0,0,0,0,0,0,2,0,0,0,0,0,0,1,0,0,0,0,2,0,0,0,0,0
71,0,0,2,0,1,0,0,0,0,0,0,0,3,1,0,0,0,1,0,0,0,0,0,0,2,0,0,1,0,0,0,0,0,0,1,0,0,1,0,3,0,0,0,0,0
72,0,0,1,0,1,0,0,0,0,0,0,0,0,0,0,0,0,1,0,0,0,0,0,0,4,0,0,1,0,0,0,0,0,0,1,0,0,1,0,3,0,0,1,0,0
73,0,1,2,0,4,0,0,0,0,0,0,0,3,1,0,0,0,1,0,0,0,0,0,0,2,0,0,4,0,0,0,0,0,0,0,0,0,4,0,3,0,0,2,0,0
74,0,0,1,0,3,0,0,0,0,0,0,0,6,0,0,0,0,3,0,0,0,0,0,0,0,0,0,1,1,0,0,0,0,0,2,0,0,2,0,2,0,0,0,0,0
75,0,2,0,0,1,0,0,0,0,0,0,0,2,0,0,0,0,0,0,0,0,0,2,0,2,0,0,5,1,0,0,0,0,0,4,0,0,1,1,3,0,0,1,0,0
76,0,4,2,0,1,0,0,0,0,0,0,0,2,3,0,0,0,1,0,0,0,0,1,1,5,0,0,1,1,0,0,0,0,0,1,0,0,3,0,1,0,0,1,0,0
77,0,1,2,0,2,0,0,0,0,0,0,0,4,1,0,0,0,3,0,0,0,0,3,0,5,0,0,1,1,0,0,0,0,0,4,0,0,1,3,2,0,0,3,0,0
78,0,2,1,0,4,0,1,0,0,2,0,0,4,3,0,0,0,3,0,0,0,0,0,0,3,0,0,2,0,0,0,0,0,0,3,0,0,4,3,1,0,0,1,0,0
79,0,0,3,0,5,0,0,0,0,1,0,0,2,2,0,0,0,2,0,0,0,0,2,0,3,0,0,3,0,0,0,0,0,0,2,0,0,4,5,0,0,0,2,0,0
80,0,1,3,0,3,0,2,0,0,3,0,0,2,0,1,0,0,1,0,0,0,0,0,1,1,0,0,2,1,0,0,0,0,0,1,0,1,3,2,1,0,0,3,0,0
81,0,2,1,0,1,0,0,0,0,1,0,0,1,2,3,0,0,3,0,0,0,1,3,2,3,0,0,3,4,0,0,0,0,0,0,0,1,4,1,1,0,0,2,0,0
82,0,3,1,0,0,0,1,0,0,1,0,0,1,0,3,0,0,1,0,0,0,1,3,0,4,0,0,4,2,0,0,3,0,3,2,0,0,6,4,1,0,0,1,0,0
83,0,3,1,0,3,0,1,0,0,4,0,0,3,6,3,0,0,2,0,0,0,0,2,2,1,0,0,3,3,3,0,0,0,1,1,0,4,5,3,1,0,2,1,1,0
84,0,1,0,0,1,0,0,0,0,2,0,0,0,2,1,0,0,0,0,0,0,1,0,2,3,0,2,4,2,0,0,0,0,1,1,0,1,1,0,0,0,0,1,0,0
85,0,1,1,0,0,0,0,0,0,1,0,0,0,0,1,0,0,0,0,0,0,1,0,1,2,0,1,2,3,0,0,1,0,1,0,0,0,3,1,0,0,0,1,0,0
86,0,2,0,0,0,0,0,0,0,0,0,0,0,2,1,0,0,0,0,0,0,3,2,2,1,0,1,4,1,1,0,1,0,0,1,0,1,3,3,1,0,1,1,3,0
87,1,0,0,0,0,1,1,0,0,2,1,0,0,1,1,1,0,1,0,0,1,4,3,3,1,1,2,3,2,2,1,2,0,0,0,1,3,2,1,0,1,0,1,3,0
88,2,1,1,1,0,2,3,0,0,2,2,1,0,0,2,2,0,1,0,0,2,2,2,2,1,2,0,1,1,2,2,0,0,0,0,2,3,1,1,0,2,0,2,5,0
89,5,2,0,2,0,5,1,0,1,2,5,4,0,2,2,5,1,0,0,1,5,3,0,2,1,5,2,0,1,2,5,5,0,2,1,5,2,2,1,1,5,2,2,2,2
90,2,0,0,1,1,2,3,0,2,2,2,3,0,2,1,2,0,2,0,1,2,3,0,1,2,2,3,1,0,4,2,1,0,3,0,2,1,0,0,0,2,3,1,1,4
91,3,0,1,3,1,3,3,2,2,2,3,2,0,0,2,3,0,2,0,5,3,1,1,1,0,3,2,1,1,4,3,2,0,1,0,3,2,1,0,0,3,2,0,3,2
92,2,0,0,2,0,2,3,1,4,2,2,4,1,1,2,2,0,1,1,4,2,0,0,1,2,2,1,3,0,1,2,0,1,0,0,2,2,0,0,0,2,2,0,4,2
93,0,0,1,2,1,0,1,3,4,2,0,1,0,1,0,0,0,0,3,4,0,4,0,0,2,0,2,2,0,3,0,2,0,2,1,0,0,1,1,0,0,3,0,2,2
94,1,0,1,1,1,1,4,3,1,1,1,4,0,0,0,1,0,1,0,1,1,2,0,0,3,1,4,0,1,0,1,1,3,3,0,1,2,0,0,0,1,2,0,2,4
95,2,0,2,4,1,2,3,2,1,1,2,1,1,0,1,2,0,1,1,3,2,1,0,1,2,2,2,2,1,3,2,1,6,2,0,2,4,1,2,0,2,1,2,2,5
96,4,1,1,2,2,4,2,4,0,1,4,1,0,0,2,4,2,0,2,4,4,1,2,0,1,4,2,0,0,2,4,2,1,3,0,4,3,0,2,0,4,3,2,1,4
97,3,0,0,0,0,3,2,3,3,2,3,1,1,1,0,3,3,1,6,2,3,0,1,1,3,3,4,1,1,2,3,2,5,1,1,3,2,1,0,1,3,1,1,1,2
98,2,2,0,2,0,2,1,1,2,2,2,0,0,0,1,2,3,0,3,2,2,3,1,1,1,2,0,4,0,1,2,1,2,1,0,2,2,0,1,1,2,1,0,0,6
99,1,0,1,3,0,1,3,1,3,1,1,2,0,0,2,1,5,0,5,1,1,1,0,1,2,1,2,1,0,2,1,0,4,1,0,1,1,1,1,0,1,3,0,1,4
100,0,1,0,2,1,0,3,2,1,0,0,4,0,0,0,0,7,1,2,2,0,1,2,0,3,0,0,2,1,2,0,0,4,0,2,0,0,3,1,0,0,2,0,0,4
101,3,1,1,4,1,3,1,3,2,1,3,1,1,0,1,3,2,1,2,1,3,0,0,1,4,3,0,2,0,0,3,1,6,1,0,3,0,3,1,0,3,2,1,0,4
102,2,0,0,3,2,2,1,3,1,3,2,0,0,0,1,2,2,3,2,3,2,0,0,2,1,2,0,1,0,0,2,2,3,2,0,2,0,1,0,0,2,0,4,0,2
103,2,2,0,2,3,2,2,3,1,0,2,1,0,0,2,2,4,1,1,2,2,1,0,1,2,2,0,1,0,0,2,0,3,2,0,2,0,0,0,0,2,0,3,1,3
104,0,1,0,1,0,0,0,1,1,0,0,1,1,0,3,0,4,1,2,1,0,2,1,0,0,0,1,1,0,2,0,0,3,0,0,0,0,1,0,0,0,1,0,0,1
105,0,0,0,3,2,0,0,3,0,0,0,1,0,0,2,0,1,1,2,1,0,2,0,0,3,0,1,1,0,0,0,0,2,1,0,0,0,2,0,1,0,0,0,0,3
106,1,1,1,1,1,1,1,2,0,1,1,2,1,0,3,1,1,1,1,1,1,0,0,1,0,1,0,1,1,0,1,1,2,0,0,1,0,1,1,0,1,0,0,0,1
107,0,1,0,1,1,0,1,1,2,0,0,2,0,0,1,0,1,0,1,0,0,0,0,0,1,0,0,0,0,0,0,1,0,0,0,0,1,0,0,0,0,1,1,0,1
108,1,0,0,0,1,1,1,1,0,1,1,1,1,0,1,1,2,1,2,1,1,1,0,1,1,1,2,0,0,0,1,0,1,0,0,1,1,1,1,1,1,1,0,3,0
109,1,1,0,0,1,1,1,1,1,0,1,0,1,1,1,1,1,0,3,0,1,2,0,0,1,1,3,1,0,1,1,0,1,1,1,1,0,0,0,0,1,1,0,1,1
110,0,0,1,0,1,0,0,1,0,0,0,1,1,1,1,0,1,1,2,0,0,0,0,0,0,0,2,0,2,1,0,0,0,0,0,0,2,0,0,1,0,0,0,1,2
111,0,1,3,1,2,0,1,0,1,1,0,1,1,0,2,0,4,0,1,2,0,0,0,0,2,0,1,0,1,1,0,3,2,1,0,0,0,0,0,1,0,1,0,1,1
112,1,0,5,2,1,1,0,1,0,2,1,2,2,1,2,1,2,0,1,2,1,2,1,0,4,1,0,0,0,0,1,0,2,0,0,1,1,2,0,2,1,0,2,1,0
113,2,0,3,3,1,2,1,1,2,0,2,1,1,0,1,2,0,0,1,0,2,3,0,0,1,2,0,1,1,1,2,0,1,0,0,2,0,0,1,1,2,0,0,0,1
114,1,0,2,1,1,1,1,1,0,1,1,3,3,0,3,1,2,0,0,1,1,1,0,0,2,1,0,1,0,0,1,0,0,0,0,1,0,2,0,1,1,0,0,0,2
115,0,0,1,1,3,0,1,0,1,0,0,1,6,0,3,0,2,1,0,2,0,1,2,1,2,0,1,0,0,1,0,0,1,1,1,0,0,1,0,2,0,0,0,1,1
116,0,0,0,1,1,0,0,1,0,3,0,1,3,0,3,0,1,2,1,0,0,0,0,0,1,0,1,0,0,0,0,0,0,0,0,0,1,1,0,2,0,0,1,1,1
117,2,1,2,2,0,2,0,0,4,0,2,3,5,0,0,2,1,1,0,1,2,0,0,0,1,2,1,2,0,1,2,2,0,0,1,2,0,2,0,3,2,0,0,0,0
118,1,3,1,0,0,1,0,0,1,1,1,2,3,0,1,1,1,1,1,0,1,1,0,1,2,1,0,1,0,0,1,1,2,1,0,1,1,2,0,1,1,0,1,0,1
119,0,0,2,2,0,0,2,1,2,0,0,2,2,0,0,0,1,0,0,2,0,2,1,0,2,0,0,0,0,1,0,0,1,0,0,0,0,1,3,0,0,1,1,3,2
120,1,1,1,1,0,1,0,1,0,0,1,2,2,1,0,1,0,0,0,1,1,0,1,1,1,1,3,0,0,0,1,1,2,1,0,1,0,2,0,0,1,1,0,3,2
121,1,0,1,1,1,1,1,2,0,2,1,0,2,0,1,1,1,0,3,1,1,1,1,1,3,1,1,1,0,1,1,0,3,0,1,1,0,2,1,1,1,0,0,2,2
122,0,2,1,0,0,0,1,2,0,0,0,1,1,1,1,0,0,0,1,1,0,0,1,2,2,0,0,0,1,0,0,0,3,0,1,0,0,2,1,0,0,0,0,0,1
123,1,1,0,0,3,1,0,2,1,1,1,1,1,0,1,1,2,0,2,2,1,0,1,0,2,1,2,0,0,1,1,0,1,0,0,1,2,4,0,0,1,0,1,1,2
124,0,0,1,1,0,0,1,2,0,0,0,0,0,0,1,0,0,1,1,2,0,1,1,1,1,0,0,0,0,0,0,0,2,0,0,0,1,2,0,1,0,0,1,0,0
125,2,1,1,1,0,2,0,2,0,1,2,1,0,0,0,2,1,0,1,0,2,2,0,0,2,2,1,0,0,0,2,0,1,0,0,2,0,2,0,0,2,0,0,0,3
126,1,1,0,1,0,1,0,2,1,0,1,1,0,0,1,1,0,0,2,0,1,1,1,0,1,1,0,0,1,1,1,0,1,0,0,1,0,0,0,0,1,0,0,0,2
127,1,2,0,0,1,1,0,1,0,0,1,0,0,1,1,1,1,1,0,1,1,1,1,1,1,1,1,1,0,2,1,0,1,0,0,1,1,1,0,1,1,1,0,0,0
128,0,0,1,0,1,0,1,2,3,1,0,0,1,1,0,0,1,0,1,0,0,2,0,0,1,0,1,0,1,0,0,0,0,0,1,0,0,1,0,0,0,1,0,0,2
129,1,0,1,1,1,1,2,1,1,0,1,0,0,1,1,1,1,0,1,1,1,1,0,0,1,1,0,0,1,1,1,0,0,0,1,1,0,1,0,0,1,0,0,1,1
130,2,1,2,0,0,2,1,1,0,1,2,2,0,0,1,2,2,0,1,1,2,0,1,0,0,2,2,2,0,1,2,1,2,0,0,2,0,2,0,0,2,1,0,3,1
131,2,1,0,1,0,2,0,0,2,2,2,2,0,0,1,2,3,0,1,1,2,1,0,1,1,2,0,1,0,0,2,1,1,0,0,2,0,2,0,0,2,0,0,1,2
132,0,1,0,1,1,0,0,1,1,2,0,0,0,0,2,0,3,0,1,1,0,1,0,0,3,0,0,2,0,0,0,1,1,0,1,0,1,2,1,0,0,0,1,1,1
133,0,0,2,1,2,0,1,0,2,1,0,1,1,0,0,0,1,1,0,0,0,1,0,0,2,0,1,6,0,1,0,0,0,1,2,0,0,0,0,2,0,0,1,0,2
134,0,0,1,0,0,0,1,1,0,1,0,1,0,0,2,0,2,0,1,1,0,1,0,1,1,0,1,4,0,0,0,1,0,1,2,0,2,1,0,1,0,1,2,1,2
135,0,0,0,0,2,0,2,1,0,1,0,1,0,1,2,0,0,0,1,0,0,2,0,0,1,0,0,4,3,2,0,0,0,1,0,0,0,1,1,0,0,0,0,0,0
136,0,0,0,0,0,0,0,0,1,0,0,0,0,2,2,0,0,0,1,1,0,1,1,0,1,0,3,3,0,0,0,3,1,1,1,0,1,0,0,0,0,2,0,0,3
137,0,1,2,0,1,0,2,2,0,0,0,1,0,1,1,0,1,0,1,1,0,1,1,0,2,0,1,3,0,1,0,0,1,1,0,0,0,0,0,1,0,1,0,0,1
138,1,2,1,2,0,1,1,1,1,0,1,0,1,2,0,1,1,1,2,2,1,0,0,0,1,1,1,1,0,0,1,1,0,0,1,1,0,0,0,0,1,2,1,0,3
139,3,0,2,2,2,3,1,0,2,1,3,0,0,0,1,3,1,0,1,0,3,0,0,0,2,3,0,2,1,3,3,1,2,1,2,3,1,2,1,1,3,3,2,0,2
140,0,0,1,0,1,0,0,2,2,1,0,0,0,0,0,0,1,0,3,0,0,1,0,0,0,0,2,1,0,0,0,1,1,0,0,0,3,0,0,0,0,0,0,0,3
141,0,2,1,0,2,0,0,1,1,1,0,2,0,0,0,0,1,0,1,0,0,1,1,0,5,0,2,2,0,2,0,0,2,0,0,0,1,5,0,1,0,0,0,0,1
142,0,2,0,0,0,0,1,0,1,2,0,0,2,0,1,0,0,0,5,0,0,0,2,1,1,0,0,1,0,1,0,0,3,0,1,0,2,0,0,0,0,0,2,1,1
143,2,0,1,1,1,2,2,0,3,3,2,1,2,2,2,2,0,2,3,1,2,2,1,0,0,2,2,0,2,4,2,1,2,0,0,2,1,1,2,4,2,1,1,1,3
144,0,2,0,0,0,0,0,1,1,2,0,0,0,0,1,0,1,0,3,1,0,2,2,0,1,0,0,1,0,2,0,1,2,0,0,0,0,3,0,0,0,0,0,0,2
145,3,0,0,1,0,3,1,1,0,1,3,2,0,0,1,3,2,0,0,3,3,1,0,0,0,3,0,0,0,2,3,1,3,0,0,3,0,1,0,1,3,0,0,1,3
146,1,0,0,1,1,1,1,0,0,1,1,1,1,0,1,1,1,1,1,0,1,0,2,0,0,1,1,0,0,2,1,1,1,0,0,1,0,0,0,0,1,0,0,2,0
147,1,0,0,0,0,1,1,1,0,0,1,0,2,0,1,1,1,1,3,0,1,2,0,0,0,1,1,2,0,3,1,1,2,0,0,1,2,1,0,0,1,1,0,0,0
148,0,0,1,1,0,0,1,0,1,0,0,0,0,1,1,0,1,1,1,0,0,1,1,0,0,0,2,0,0,2,0,0,0,1,0,0,1,1,0,0,0,1,1,1,0
149,1,0,0,0,2,1,0,2,2,1,1,0,1,1,0,1,3,0,2,0,1,0,0,1,1,1,1,0,1,1,1,0,2,2,1,1,1,1,0,0,1,1,0,1,0
150,1,0,1,0,0,1,0,0,3,0,1,1,1,0,1,1,4,0,1,1,1,1,0,1,0,1,1,1,0,2,1,0,3,3,0,1,0,2,1,1,1,0,0,1,0
151,2,1,0,2,1,2,0,0,1,3,2,0,2,0,0,2,2,1,1,0,2,0,2,0,0,2,1,0,0,2,2,3,1,2,0,2,0,1,1,0,2,1,0,0,1
152,0,0,0,2,1,0,0,3,2,1,0,3,2,0,1,0,2,0,0,0,0,1,1,1,0,0,0,0,0,0,0,0,3,2,0,0,1,2,1,0,0,0,1,1,0
153,1,0,1,1,1,1,0,1,2,1,1,1,2,0,0,1,3,0,2,1,1,1,1,0,0,1,1,1,0,2,1,0,1,1,2,1,2,2,2,0,1,1,0,0,3
154,1,2,0,3,0,1,2,1,1,1,1,2,1,0,2,1,4,1,0,1,1,3,1,0,0,1,1,2,0,2,1,0,0,2,2,1,3,1,0,2,1,0,1,1,3
155,1,1,0,1,1,1,1,1,1,2,1,0,0,1,0,1,1,1,1,2,1,1,0,1,1,1,1,2,0,3,1,0,2,2,0,1,1,1,2,2,1,1,1,1,1
156,2,1,1,2,1,2,0,1,2,1,2,0,1,0,4,2,2,1,1,3,2,1,1,1,1,2,0,2,0,1,2,1,2,2,1,2,4,3,0,1,2,2,1,2,1
157,2,2,1,1,2,2,0,0,0,1,2,1,1,1,2,2,2,0,2,0,2,1,3,1,1,2,1,2,1,2,2,0,1,0,0,2,3,0,0,0,2,1,1,1,2
158,1,3,1,1,2,1,1,0,1,1,1,1,1,0,0,1,0,0,3,1,1,1,0,0,1,1,1,0,3,4,1,2,0,0,1,1,1,0,0,0,1,0,3,2,2
159,5,0,2,0,3,5,0,1,1,4,5,1,0,0,0,5,1,2,2,0,5,1,0,0,4,5,3,0,2,0,5,3,1,1,0,5,1,1,0,0,5,2,0,2,3
160,0,1,1,0,2,0,1,2,1,0,0,1,1,0,0,0,0,0,3,0,0,1,0,2,0,0,2,0,1,2,0,2,2,1,1,0,1,3,0,0,0,2,1,3,2
161,0,4,0,1,2,0,1,1,1,3,0,2,0,0,0,0,0,2,1,0,0,3,1,2,4,0,3,2,2,1,0,3,0,0,1,0,1,2,1,2,0,0,1,1,3
162,3,3,2,2,3,3,2,0,0,1,3,1,0,0,0,3,2,1,1,3,3,2,1,0,4,3,2,2,1,1,3,1,2,0,1,3,3,0,3,2,3,0,1,2,0
163,3,1,0,2,2,3,2,2,0,2,3,1,2,0,0,3,1,1,2,0,3,1,1,1,0,3,2,2,2,2,3,2,1,1,1,3,3,1,1,2,3,1,1,1,1
164,0,0,0,1,0,0,0,1,1,0,0,4,1,0,0,0,0,2,1,1,0,2,2,0,0,0,2,1,0,1,0,1,4,0,0,0,2,3,0,2,0,1,0,1,1
165,2,0,0,3,0,2,0,4,0,0,2,0,3,0,1,2,0,1,2,1,2,3,2,2,0,2,1,1,0,1,2,1,2,0,1,2,1,1,1,2,2,1,1,1,1
166,1,1,1,0,0,1,2,2,0,0,1,0,1,0,0,1,3,1,2,1,1,1,3,1,1,1,2,1,0,1,1,1,0,0,0,1,0,2,2,2,1,2,1,1,2
167,1,0,1,0,1,1,0,1,2,0,1,1,0,2,0,1,4,4,1,1,1,2,2,0,0,1,4,2,0,1,1,0,0,1,0,1,0,1,0,2,1,2,2,1,0
168,0,0,0,1,1,0,0,1,2,0,0,0,2,0,0,0,1,2,3,2,0,1,2,1,1,0,1,0,0,0,0,1,0,2,1,0,2,0,1,1,0,0,1,2,2
169,1,0,1,1,2,1,3,0,2,2,1,0,0,1,2,1,1,2,3,0,1,3,1,1,0,1,0,2,0,1,1,0,1,4,1,1,2,1,0,2,1,0,1,4,0
170,0,1,0,2,1,0,0,0,0,3,0,0,0,0,1,0,1,0,3,0,0,0,1,1,1,0,0,1,0,0,0,1,1,0,1,0,1,2,0,0,0,0,0,1,2
171,1,1,2,2,1,1,0,2,0,0,1,1,0,0,0,1,1,0,2,1,1,0,0,1,0,1,0,1,0,0,1,2,2,0,1,1,1,3,1,1,1,2,0,1,2
172,2,2,3,0,2,2,0,1,3,1,2,2,0,2,1,2,2,0,2,1,2,1,1,1,1,2,0,2,0,0,2,0,1,1,1,2,1,0,1,1,2,0,1,1,0
173,2,0,4,0,3,2,1,2,0,1,2,1,0,1,0,2,0,1,3,1,2,0,2,0,2,2,1,1,0,2,2,1,1,1,1,2,1,1,0,1,2,1,3,0,2
174,3,0,3,4,1,3,3,0,1,3,3,2,1,1,2,3,1,2,1,0,3,1,1,3,1,3,1,1,1,3,3,2,1,3,1,3,3,2,0,1,3,3,2,3,2
175,1,2,2,1,2,1,1,2,2,2,1,2,2,0,0,1,0,2,1,1,1,0,1,1,3,1,0,1,2,3,1,3,0,1,0,1,0,1,0,1,1,0,3,1,1
176,2,0,3,2,4,2,1,0,0,2,2,1,0,2,2,2,0,1,3,3,2,0,4,2,1,2,1,1,1,0,2,2,2,0,0,2,0,1,0,4,2,1,4,3,2
177,0,0,0,3,3,0,1,2,1,1,0,1,0,1,0,0,3,0,1,4,0,0,2,2,2,0,2,1,1,3,0,2,2,1,1,0,2,3,0,2,0,1,3,4,1
178,3,1,1,1,1,3,1,1,2,2,3,2,1,2,1,3,3,2,0,2,3,2,5,3,2,3,1,3,1,3,3,3,0,1,2,3,2,0,1,2,3,2,1,2,4
179,1,0,0,0,1,1,2,1,2,2,1,0,0,1,0,1,1,2,3,1,1,2,6,0,1,1,4,1,1,4,1,1,0,1,1,1,0,3,1,3,1,1,0,2,1
180,2,1,1,0,1,2,1,2,0,1,2,0,4,0,0,2,1,2,1,0,2,1,4,0,3,2,3,2,1,2,2,1,1,2,3,2,2,2,0,2,2,2,1,1,3
181,1,1,1,2,1,1,0,2,2,3,1,2,2,1,1,1,1,3,0,3,1,4,5,1,2,1,2,1,0,2,1,2,2,3,0,1,2,3,0,1,1,2,4,1,3
182,4,0,3,1,0,4,2,7,1,2,4,2,1,1,1,4,1,2,1,2,4,3,0,0,2,4,2,1,1,4,4,3,2,1,0,4,3,1,2,2,4,2,1,1,3
183,0,4,0,3,1,0,1,3,1,5,0,2,2,0,0,0,0,3,1,2,0,0,3,0,3,0,1,1,2,3,0,2,1,1,0,0,2,3,2,1,0,0,2,3,2
184,3,0,1,3,0,3,1,1,0,1,3,2,0,1,1,3,0,3,0,1,3,3,1,1,1,3,0,1,1,1,3,1,1,0,0,3,0,1,0,2,3,2,2,2,3
185,2,1,0,0,0,2,1,2,1,0,2,2,0,0,0,2,1,3,2,1,2,2,2,2,1,2,1,1,1,2,2,2,0,0,0,2,1,0,2,1,2,1,1,0,1
186,1,1,0,1,0,1,1,0,0,1,1,1,2,2,1,1,1,3,3,0,1,4,3,1,1,1,3,1,0,2,1,1,1,0,0,1,1,1,1,1,1,1,1,1,1
187,3,1,0,2,1,3,0,0,3,0,3,2,1,0,0,3,2,2,2,0,3,3,2,1,1,3,1,0,0,4,3,3,1,1,0,3,2,2,0,2,3,0,2,2,0
188,1,1,0,2,0,1,1,4,1,2,1,1,0,0,0,1,2,2,0,0,1,4,0,0,0,1,1,0,1,1,1,2,2,0,0,1,0,1,0,2,1,0,1,0,3
189,2,0,0,4,1,2,0,2,2,1,2,0,0,0,0,2,1,1,1,1,2,3,1,0,0,2,4,1,0,6,2,0,2,1,2,2,3,0,2,0,2,1,3,1,0
190,2,0,1,0,1,2,0,2,1,2,2,2,1,0,0,2,0,2,2,0,2,1,1,3,1,2,0,1,1,4,2,0,3,1,0,2,2,2,1,0,2,1,1,3,3
191,0,0,2,5,0,0,0,2,1,2,0,1,1,1,1,0,2,2,2,2,0,0,3,2,2,0,0,0,2,1,0,1,4,2,1,0,2,1,3,1,0,2,1,1,1
192,1,1,0,1,1,1,1,1,1,2,1,2,2,0,1,1,2,1,4,0,1,2,2,1,2,1,1,1,0,2,1,1,3,0,1,1,1,3,3,0,1,1,0,1,3
193,2,0,1,2,1,2,0,3,0,1,2,1,2,0,1,2,4,1,4,3,2,1,3,0,2,2,1,1,1,2,2,0,2,2,2,2,2,4,2,2,2,0,1,2,4
194,4,1,1,4,3,4,0,1,2,2,4,0,1,0,2,4,1,2,0,0,4,2,1,3,0,4,2,1,1,3,4,1,4,2,0,4,3,0,0,3,4,0,1,0,3
195,2,3,1,2,1,2,2,1,2,0,2,0,2,1,0,2,2,1,0,2,2,1,4,2,1,2,2,1,1,1,2,4,3,0,2,2,2,3,2,2,2,0,2,3,4
196,3,0,1,2,2,3,2,2,1,2,3,1,1,0,6,3,1,1,4,5,3,0,2,0,3,3,1,2,1,2,3,3,7,0,1,3,3,2,1,2,3,3,2,4,2
197,3,0,1,4,3,3,0,0,2,2,3,0,1,4,1,3,1,2,2,3,3,0,3,0,1,3,2,2,2,1,3,2,1,1,2,3,2,3,1,1,3,2,2,4,2
198,2,1,2,1,2,2,4,2,0,1,2,1,0,2,2,2,3,2,3,1,2,4,0,1,2,2,3,1,0,2,2,2,3,4,1,2,2,2,2,2,2,1,3,0,1
199,2,2,2,1,0,2,1,3,2,1,2,0,1,1,2,2,2,0,2,1,2,2,1,2,1,2,2,0,0,3,2,1,1,1,0,2,2,5,1,2,2,1,2,2,1
200,1,2,2,1,1,1,3,2,1,3,1,1,1,1,1,1,0,5,1,1,1,0,0,1,1,1,0,1,1,3,1,1,2,3,1,1,0,2,1,0,1,1,0,3,4
201,3,1,1,0,0,3,0,4,1,1,3,1,2,1,2,3,1,2,1,2,3,1,1,1,1,3,3,1,2,1,3,4,3,0,1,3,3,4,2,2,3,2,4,4,4
202,3,2,3,4,3,3,2,2,2,4,3,0,1,1,0,3,0,0,3,3,3,1,1,2,3,3,0,0,3,4,3,1,5,1,0,3,3,1,2,1,3,1,2,2,6
203,1,3,1,3,0,1,2,2,2,1,1,3,2,0,3,1,2,0,5,4,1,1,2,4,4,1,3,0,0,2,1,2,3,0,1,1,2,2,1,1,1,0,1,2,7
204,5,2,0,1,0,5,1,3,3,5,5,2,4,0,4,5,2,2,2,1,5,1,0,0,3,5,5,1,2,2,5,0,3,0,1,5,3,1,2,1,5,1,1,1,4
205,2,0,0,1,0,2,1,1,1,3,2,1,0,0,2,2,1,2,2,2,2,1,1,1,0,2,0,2,1,0,2,5,1,1,0,2,0,2,1,0,2,2,3,2,1
206,0,1,0,3,2,0,1,3,2,1,0,3,3,1,0,0,4,2,3,2,0,3,0,1,1,0,2,3,1,2,0,0,1,3,1,0,1,3,2,1,0,2,0,2,2
207,3,1,0,1,1,3,0,2,2,2,3,1,4,0,0,3,1,2,0,2,3,2,2,2,1,3,1,0,1,2,3,3,5,2,2,3,1,4,0,1,3,3,1,1,0
208,2,2,3,0,1,2,0,1,2,1,2,2,3,1,0,2,0,3,1,1,2,2,0,2,0,2,0,2,0,1,2,3,2,1,0,2,3,3,3,2,2,1,0,0,0
209,0,1,1,1,0,0,1,2,2,2,0,3,0,2,0,0,1,0,1,3,0,1,1,1,2,0,3,1,2,1,0,2,2,0,3,0,2,1,2,2,0,2,2,3,0
210,1,1,3,1,2,1,3,1,2,2,1,1,3,0,1,1,1,3,3,2,1,2,1,2,0,1,3,0,1,1,1,2,3,2,0,1,1,2,2,1,1,2,0,1,0
211,2,0,2,2,2,2,2,2,2,3,2,3,1,1,2,2,2,2,1,2,2,2,3,0,1,2,2,2,0,0,2,2,3,1,3,2,2,2,2,1,2,3,1,3,1
212,1,1,2,3,1,1,0,2,2,3,1,3,1,3,4,1,4,2,1,2,1,1,0,2,0,1,1,0,2,5,1,2,1,3,0,1,3,5,1,0,1,0,0,0,2
213,4,2,2,1,0,4,1,2,4,3,4,2,1,3,3,4,3,4,1,1,4,2,1,3,0,4,1,0,3,0,4,1,2,1,1,4,1,1,0,1,4,1,3,1,1
214,2,1,1,4,1,2,1,0,1,1,2,3,0,2,3,2,3,2,0,2,2,1,2,2,0,2,1,0,1,1,2,3,1,1,2,2,3,1,1,0,2,0,1,2,5
215,3,0,0,2,2,3,4,1,1,2,3,1,1,0,3,3,2,1,1,2,3,1,3,0,2,3,3,0,1,0,3,3,1,1,1,3,2,2,1,2,3,0,2,1,1
216,3,0,1,2,2,3,2,2,2,4,3,0,0,2,5,3,1,3,2,2,3,2,2,1,1,3,3,2,1,1,3,1,1,4,1,3,4,1,3,1,3,2,1,1,6
217,1,3,0,3,1,1,3,1,1,3,1,2,0,1,2,1,3,1,2,1,1,0,1,2,3,1,2,2,0,5,1,0,2,1,1,1,3,1,1,3,1,2,1,2,4
218,2,2,0,2,2,2,3,1,3,2,2,0,1,2,2,2,2,5,4,0,2,3,2,1,1,2,2,0,0,3,2,3,2,3,0,2,0,3,0,0,2,2,2,3,1
219,4,3,1,2,1,4,1,0,4,1,4,2,3,2,2,4,1,1,3,3,4,0,2,1,2,4,4,1,1,4,4,2,3,3,1,4,3,2,0,0,5,1,3,2,0
220,2,1,4,3,1,2,2,3,2,1,2,2,1,0,1,2,2,3,0,1,2,3,2,1,4,1,2,1,3,0,1,1,0,0,0,1,1,2,3,0,2,3,1,1,2
221,4,0,1,2,0,4,0,3,1,4,5,1,1,1,1,5,0,3,2,1,5,5,2,5,3,1,1,1,0,2,1,2,1,2,2,1,0,3,2,2,3,2,1,3,1
222,6,4,2,1,2,3,4,0,3,3,3,0,3,4,5,3,2,1,1,1,3,3,1,0,3,8,1,2,1,2,8,3,3,1,2,8,0,1,3,2,6,1,0,0,2
223,2,1,2,0,2,4,3,3,2,3,3,1,2,3,1,3,2,3,3,1,3,3,0,2,5,1,2,4,2,6,1,1,2,2,3,1,2,2,3,2,0,1,4,1,4
224,0,1,1,0,1,2,3,2,2,6,4,2,3,2,1,4,1,3,2,0,4,4,1,0,4,0,5,1,2,0,0,2,2,1,2,0,0,0,1,0,1,2,3,1,1
225,1,1,0,0,0,2,0,0,1,3,4,3,1,0,0,4,2,0,4,2,4,2,2,2,0,1,2,0,1,1,1,4,1,5,1,1,1,1,0,1,1,1,1,1,0
226,2,1,1,1,0,0,2,1,4,2,4,2,3,3,3,4,4,0,3,3,4,1,1,1,0,2,3,1,2,1,2,3,3,3,1,2,3,1,0,2,2,2,1,1,2
227,4,0,0,1,1,4,4,2,0,1,3,3,4,2,1,3,2,2,3,2,3,4,1,2,1,7,2,0,0,3,7,2,1,3,2,7,1,1,1,2,2,1,1,0,0
228,1,0,2,0,0,0,1,2,0,2,0,3,4,3,1,0,2,4,1,2,0,1,1,1,0,4,4,1,3,1,4,1,1,4,0,4,6,7,1,2,0,0,1,0,1
229,0,2,2,0,1,1,2,2,2,3,1,0,0,2,0,1,3,1,3,1,1,3,3,1,2,3,4,2,3,2,3,4,3,1,2,3,3,1,1,2,2,0,2,2,1
230,2,0,4,3,1,2,2,1,5,4,2,3,1,2,0,2,0,3,0,1,2,4,0,2,0,4,4,1,3,1,4,2,2,0,0,4,4,0,2,1,4,1,0,2,2
231,1,0,0,2,4,0,2,4,2,3,1,3,0,1,2,1,0,3,0,2,1,1,1,2,0,1,1,5,3,2,1,4,3,2,1,1,3,2,1,1,1,4,1,0,0
232,3,2,4,2,1,1,3,3,2,4,2,2,1,2,2,2,1,3,3,2,2,3,3,5,1,2,1,1,1,2,2,3,2,0,2,2,3,3,0,1,4,3,2,0,0
233,4,2,1,1,5,4,2,1,2,2,4,2,1,0,3,4,8,3,1,3,4,2,4,1,1,4,2,1,2,2,4,1,4,3,0,4,2,4,1,0,4,3,2,3,0
234,3,4,2,3,1,3,3,0,4,4,2,3,5,3,4,2,2,1,0,1,2,0,3,3,2,3,0,3,1,2,3,3,5,1,2,3,4,1,3,2,2,2,4,4,3
235,3,4,1,3,2,2,5,3,0,6,4,1,3,0,3,4,2,2,6,1,4,1,2,1,3,5,5,6,1,2,5,1,5,0,1,5,1,0,1,2,2,2,1,0,0
236,3,2,1,1,1,5,2,2,1,0,1,1,1,2,0,1,4,0,4,4,1,1,1,0,0,2,2,3,1,1,2,1,7,0,0,2,2,0,2,3,4,3,1,4,1
237,1,3,1,4,3,4,3,2,3,3,2,2,1,2,2,2,3,1,1,3,2,3,1,3,2,3,1,2,3,3,3,1,4,2,1,3,2,3,2,0,2,3,1,4,1
238,4,1,1,5,2,4,3,3,1,2,3,2,3,3,3,3,1,4,1,3,3,4,2,4,1,4,1,3,2,5,4,1,2,3,2,4,3,2,2,2,2,1,3,1,2
239,4,1,1,1,0,4,0,4,1,3,3,3,0,2,4,3,0,0,3,2,3,3,3,0,2,4,2,5,1,1,4,2,2,1,3,4,2,1,2,3,3,3,6,2,1
240,2,2,3,3,1,1,4,4,2,2,2,1,1,2,2,2,2,1,0,5,2,0,1,2,3,4,3,0,1,1,4,1,1,3,2,4,0,5,2,2,4,0,4,0,4
241,4,2,1,2,2,2,0,4,2,4,0,2,1,2,1,0,2,2,3,2,0,4,3,3,1,1,3,1,3,1,1,3,1,0,1,1,3,2,3,4,5,4,2,0,3
242,3,2,1,0,2,4,1,2,2,4,4,3,4,1,3,4,4,1,3,4,4,1,1,0,2,4,2,7,4,0,4,4,3,0,3,4,2,2,5,2,4,1,1,3,5
243,3,2,3,1,0,4,4,3,2,6,2,2,3,2,0,2,2,1,4,2,2,2,3,1,6,3,2,2,0,3,3,1,1,2,1,3,2,1,1,3,4,1,1,2,3
244,1,1,1,1,2,1,1,4,2,2,3,4,2,3,1,3,5,0,3,5,3,0,2,0,2,2,2,1,2,4,2,3,5,0,0,2,1,1,1,1,2,1,2,1,3
245,1,0,2,2,0,1,1,0,2,2,0,3,1,2,3,0,3,3,5,4,0,2,1,3,1,2,2,2,4,3,2,0,1,2,2,2,0,2,0,1,3,1,1,1,2
246,3,1,2,1,1,0,3,2,3,0,4,4,0,1,0,4,1,3,2,4,4,1,3,2,0,2,3,4,1,1,2,2,0,3,0,2,1,1,1,3,1,2,2,4,3
247,4,1,1,0,0,3,3,1,3,1,2,0,3,1,0,2,2,1,0,3,2,0,2,1,1,2,3,1,1,1,2,0,4,1,0,2,2,2,0,1,2,3,1,0,1
248,2,0,2,2,2,0,1,1,2,3,2,1,3,1,0,2,4,1,3,4,2,1,2,3,0,1,3,2,3,0,1,0,2,0,1,1,2,3,0,1,1,1,2,1,1
249,4,1,5,0,0,1,2,1,6,4,2,2,0,1,0,2,1,3,3,2,2,4,3,1,3,1,4,1,0,1,1,3,2,1,1,1,0,2,1,2,0,1,0,0,1
250,4,1,1,1,0,0,2,2,3,4,1,3,2,2,0,1,2,1,1,0,1,2,0,1,1,1,0,1,1,3,1,3,2,0,1,1,5,1,3,2,0,1,1,4,1
251,1,2,6,3,2,0,2,4,1,3,0,2,1,4,1,0,2,2,1,3,0,0,5,0,4,2,1,1,2,1,2,3,4,2,3,2,1,2,1,2,2,2,1,0,3
252,3,3,4,0,1,1,3,3,3,2,4,5,0,1,3,4,4,2,2,1,4,2,6,2,2,1,0,3,1,1,1,2,1,4,0,1,1,2,2,3,1,3,1,0,1
253,2,2,5,2,4,2,1,4,3,2,2,0,3,2,2,2,2,1,2,3,2,4,1,1,2,4,1,3,0,2,4,3,0,4,1,4,1,4,1,1,6,3,1,2,3
254,5,2,6,0,3,2,3,4,0,3,4,2,1,0,1,4,6,2,0,2,4,2,2,4,2,3,1,1,0,0,3,1,1,1,3,3,1,5,7,2,3,4,1,2,1
255,2,0,3,4,2,4,4,3,3,2,3,2,0,0,2,3,3,2,2,3,3,2,3,3,3,4,5,0,2,4,4,4,0,1,2,4,3,3,3,2,4,2,1,3,3
256,2,2,2,1,1,5,2,1,4,1,4,1,2,6,2,4,2,1,0,2,4,0,4,1,2,2,3,0,2,2,2,2,2,0,1,2,1,0,2,3,4,3,2,1,2
257,1,3,2,3,2,1,2,3,2,1,0,0,2,3,1,0,5,0,4,2,0,3,4,3,1,5,2,1,2,3,5,3,0,1,1,5,2,1,0,0,3,3,3,2,0
258,6,5,0,4,2,3,5,1,3,2,6,1,1,5,0,6,2,2,4,1,6,2,2,2,3,2,2,1,0,3,2,1,3,5,0,2,1,2,0,4,3,4,5,2,1
259,4,4,1,2,2,5,1,4,2,5,3,2,1,4,2,3,0,2,1,2,3,1,4,0,0,2,6,1,0,3,2,1,6,2,1,2,0,3,4,4,2,0,3,4,3
260,2,1,2,3,1,2,3,4,3,1,1,2,1,3,0,1,1,3,2,3,1,4,3,2,3,4,2,3,3,3,4,3,3,2,0,4,4,7,1,2,2,3,1,1,6
261,4,1,0,2,2,1,2,3,3,6,6,3,1,5,2,6,4,4,2,3,6,3,2,2,2,3,4,1,4,1,3,3,3,1,2,3,0,5,4,4,1,0,3,4,6
262,3,5,1,1,1,4,4,4,2,5,4,2,4,2,3,4,2,2,2,3,4,4,5,1,2,4,2,4,4,1,4,2,3,1,3,4,1,1,3,2,3,3,1,2,2
263,3,1,1,1,2,3,3,7,2,3,6,1,1,2,1,6,2,1,4,2,6,2,3,1,3,2,6,2,3,1,2,1,2,5,3,2,0,3,2,6,5,2,2,2,3
264,3,0,0,1,2,0,3,4,1,4,4,3,3,3,0,4,1,2,5,1,4,2,2,1,1,1,0,1,0,1,1,3,2,4,2,1,1,4,1,2,2,2,2,1,9
265,2,4,2,1,2,3,4,3,0,1,2,2,3,2,1,2,1,2,3,2,2,3,2,1,2,1,1,1,2,1,1,0,3,7,0,1,0,1,1,1,3,2,2,3,2
266,1,0,3,2,1,2,4,3,2,2,3,0,0,2,0,3,6,2,2,2,3,0,4,0,1,1,2,2,1,1,1,2,3,5,1,1,4,3,2,2,1,3,0,1,2
267,2,2,0,2,2,5,2,1,1,2,2,2,2,1,0,2,1,1,1,0,2,0,5,2,3,5,2,1,2,1,5,1,2,3,3,5,0,1,0,2,3,4,1,0,3
268,1,2,2,0,2,3,2,0,3,2,2,0,3,2,3,2,5,1,3,3,2,1,3,2,1,1,1,0,3,1,1,1,1,1,3,1,1,1,3,2,1,3,1,2,2
269,2,0,1,3,1,3,2,3,4,5,1,2,2,1,1,1,0,4,5,3,1,4,1,2,2,2,4,3,3,0,2,2,1,4,2,2,3,2,3,4,3,2,1,3,2
270,3,2,3,4,3,1,0,1,3,0,3,2,0,2,2,3,0,2,1,5,3,3,1,0,2,3,2,1,0,4,3,4,2,1,0,3,3,1,5,1,2,2,2,3,2
271,1,6,3,3,2,0,1,2,3,4,1,2,1,0,1,1,1,1,2,3,1,1,3,2,3,3,1,3,2,3,3,3,4,2,2,3,1,0,3,2,1,5,2,2,3
272,1,4,1,0,5,1,5,1,0,2,1,0,1,0,3,1,3,5,3,5,1,2,4,0,0,4,0,2,1,0,4,2,0,6,0,4,2,3,1,2,6,2,1,1,4
273,0,1,0,4,6,1,4,2,4,4,1,3,1,2,2,1,2,6,2,2,1,5,2,0,2,5,3,3,1,0,5,1,0,3,2,5,0,3,3,1,2,0,1,4,3
274,2,2,3,3,2,2,3,2,2,3,5,2,0,4,3,5,3,4,0,2,5,3,2,3,0,2,2,0,0,2,2,4,2,6,4,2,4,2,0,3,3,4,1,2,3
275,1,3,0,1,3,5,4,3,1,3,3,1,2,3,3,3,4,3,4,2,3,2,2,3,4,4,1,1,1,3,4,6,4,3,1,4,3,3,3,2,5,2,1,2,6
276,1,2,1,2,4,1,1,1,2,2,0,3,4,2,1,0,3,4,1,4,0,3,4,0,0,7,0,0,2,2,7,4,2,3,3,7,1,2,2,4,3,2,3,2,5
277,4,1,0,2,1,1,4,1,2,3,2,2,4,5,5,2,4,3,2,1,2,5,8,1,3,2,0,1,0,1,2,0,2,3,2,2,1,1,1,2,2,1,2,2,3
278,4,3,2,2,2,1,3,3,4,4,4,3,1,6,3,4,1,2,2,2,4,4,1,2,3,3,2,0,2,2,3,0,3,4,3,3,1,4,2,3,3,7,1,5,2
279,4,3,0,5,2,2,4,3,0,4,2,1,2,5,1,2,1,3,1,1,2,0,5,0,6,2,4,3,3,4,2,4,4,3,3,2,3,1,1,4,1,3,6,3,2
280,5,1,2,2,2,3,2,3,3,1,6,1,2,4,2,6,4,3,4,2,6,2,4,2,3,3,6,2,4,5,3,4,2,4,1,3,1,4,1,3,4,5,2,1,2
281,0,1,1,3,4,3,3,5,2,3,2,4,3,4,2,3,4,1,0,4,3,2,4,1,2,5,5,2,1,3,5,2,3,2,2,5,2,3,2,2,6,1,3,4,4
282,2,3,0,3,2,4,2,2,5,2,4,2,4,1,2,3,3,1,3,4,3,1,3,2,2,4,0,4,2,0,4,1,1,0,1,4,2,0,2,0,3,1,0,2,1
283,0,3,2,0,2,3,3,3,3,5,4,1,3,2,2,4,1,1,2,1,4,3,6,0,3,3,4,3,5,2,3,2,2,4,4,3,0,2,1,4,1,4,1,3,0
284,3,3,0,1,1,2,3,1,0,2,1,4,1,1,3,2,2,1,3,1,2,4,3,2,0,4,4,1,0,3,4,2,1,1,1,4,1,2,1,3,0,0,1,0,5
285,2,0,1,2,2,2,2,1,3,3,2,4,1,2,2,3,6,4,3,1,3,2,4,1,2,1,3,0,2,0,1,1,2,0,4,1,0,1,0,2,4,3,3,4,2
286,1,3,3,3,0,2,4,2,0,2,1,2,2,2,0,1,2,1,3,3,1,1,2,0,1,2,2,2,1,0,2,2,1,3,5,2,1,1,1,1,0,1,1,1,1
287,3,3,0,0,2,4,2,2,3,3,3,2,2,3,1,3,1,2,0,2,3,0,4,1,4,2,1,1,0,2,2,1,2,1,1,2,3,1,0,2,2,4,3,0,1
288,1,1,2,2,3,0,5,6,2,1,0,1,3,2,1,3,2,1,0,2,3,1,1,2,2,2,2,1,3,3,2,0,2,4,0,2,3,4,4,0,1,5,2,3,3
289,2,1,1,1,1,3,2,0,5,2,3,3,2,4,1,1,4,2,3,2,1,3,2,0,2,3,2,3,4,2,3,3,1,2,2,3,1,0,3,3,2,1,2,1,0
290,3,1,1,2,3,4,0,5,1,3,2,1,1,1,2,2,1,3,1,4,2,3,1,1,3,2,2,2,3,1,2,3,1,3,1,1,3,2,2,0,3,3,2,4,1
291,2,6,2,4,2,2,2,5,2,3,1,1,0,0,2,2,1,2,1,2,2,3,4,3,4,1,0,2,3,2,1,2,5,1,3,2,3,1,3,3,0,2,2,3,4
292,2,2,1,4,3,3,3,7,2,2,0,3,0,1,2,0,1,1,4,0,0,1,4,3,1,0,2,3,6,1,0,1,1,0,4,1,1,3,0,0,2,3,0,1,4
293,1,2,2,3,2,4,3,3,3,5,1,7,1,4,2,1,2,4,2,1,1,5,3,4,2,2,2,3,0,1,2,3,1,3,3,2,2,3,2,0,2,1,0,2,1
294,1,3,1,1,3,3,3,1,0,6,3,3,0,3,3,5,6,3,1,2,5,1,1,2,2,4,1,1,1,3,4,3,2,3,2,4,3,1,3,4,5,2,0,3,1
295,1,2,0,5,1,2,3,2,1,4,1,2,2,3,4,1,4,3,3,2,1,1,5,3,2,5,2,5,1,2,5,2,2,3,5,3,4,2,0,3,2,3,5,4,0
296,2,6,1,2,3,3,5,1,3,3,2,2,2,4,2,3,1,4,3,5,3,3,3,1,2,4,0,1,2,3,4,2,2,1,4,4,2,2,3,3,1,2,2,0,3
297,2,3,1,1,2,2,2,2,1,2,1,3,3,2,2,1,5,4,6,2,1,3,1,3,2,3,3,0,1,1,3,1,2,2,0,2,3,0,2,3,2,2,2,3,3
298,3,5,0,4,4,1,0,1,2,2,2,2,1,5,1,2,0,1,2,1,2,2,4,2,1,0,2,1,3,3,0,1,3,4,3,4,1,2,2,3,1,3,4,3,4
299,2,1,0,4,2,4,1,3,2,1,4,1,3,3,3,4,3,5,2,3,4,3,1,2,2,6,3,0,2,2,6,6,2,2,3,5,1,1,0,4,2,3,4,4,3
300,0,3,2,2,1,2,2,2,3,1,4,2,3,4,1,1,4,3,6,3,1,1,3,2,2,2,6,3,4,2,2,3,3,2,3,2,0,2,1,0,3,3,5,3,8
301,2,1,3,1,2,3,3,4,1,2,1,0,3,5,1,5,3,1,5,3,5,1,3,4,1,0,3,3,2,2,0,3,0,2,2,3,4,2,3,5,3,2,5,3,8
302,2,3,1,1,2,5,0,4,3,4,4,3,3,3,1,3,3,0,5,4,3,1,2,1,1,5,3,3,1,3,5,3,5,1,0,2,2,1,2,4,2,2,3,2,3
303,3,2,3,3,2,3,6,1,5,1,2,2,4,1,4,5,2,4,3,1,5,5,4,4,1,2,4,3,2,3,2,4,2,4,4,2,4,1,0,1,1,2,2,4,4
304,1,6,2,0,2,2,3,4,1,6,1,3,1,2,4,4,3,1,2,0,4,1,2,0,1,5,6,0,1,3,5,2,2,2,3,3,3,5,3,3,0,1,1,0,8
305,2,2,3,2,0,2,5,1,2,2,0,3,3,3,3,2,5,1,0,2,2,1,4,2,0,1,2,1,1,2,1,3,2,0,2,1,1,2,2,3,1,3,1,2,5
306,4,0,2,3,2,1,3,2,2,5,2,3,2,1,3,3,3,1,3,3,3,2,2,0,0,3,2,2,1,2,2,1,2,1,2,2,0,1,1,3,1,2,1,0,0
307,2,4,0,1,2,2,7,5,5,3,4,2,2,1,3,0,5,2,2,3,0,1,2,0,4,1,0,0,2,3,1,4,1,1,4,2,3,0,3,1,2,1,0,0,2
308,2,2,1,2,2,1,1,3,2,5,4,1,5,4,1,2,2,2,5,3,2,1,2,2,1,0,1,1,1,0,0,1,4,1,5,1,3,1,1,4,3,3,1,1,4
309,2,1,1,4,4,4,4,1,2,1,0,2,2,1,1,1,3,4,4,2,1,3,3,2,4,3,6,4,2,0,5,1,5,2,4,1,2,2,4,2,1,2,0,2,4
310,3,3,1,5,1,2,0,0,2,3,5,2,4,2,3,5,2,3,4,0,5,5,1,0,3,3,3,1,3,1,3,4,0,2,3,3,3,0,2,1,6,4,2,1,1
311,2,3,4,3,3,1,2,4,3,6,1,1,3,2,2,4,2,3,1,3,4,1,2,2,4,4,1,2,2,2,3,2,3,3,2,1,0,5,3,1,1,2,3,4,3
312,5,2,1,3,2,0,4,6,2,3,1,2,4,4,2,3,4,3,3,1,3,3,3,0,1,2,1,2,5,2,2,1,0,0,3,1,2,2,0,3,4,2,1,3,2
313,3,1,1,2,4,0,3,4,3,2,2,3,3,1,4,3,3,4,5,2,3,1,2,4,4,4,1,3,1,1,4,3,1,3,2,2,3,1,1,1,4,0,2,1,4
314,1,1,4,5,4,1,1,0,1,3,3,2,2,3,3,1,6,1,2,3,1,3,4,3,2,7,1,2,2,3,6,3,3,4,2,4,2,5,0,4,1,2,1,4,4
315,1,1,3,2,4,4,4,3,4,3,3,2,2,2,6,3,6,4,2,3,3,3,2,2,3,4,2,2,3,3,4,4,4,5,1,7,3,1,3,6,2,2,3,1,1
316,2,5,0,1,1,2,5,1,2,4,3,2,6,4,4,3,2,3,3,2,3,1,3,3,0,4,3,2,3,2,6,4,1,3,2,3,1,3,2,2,4,1,2,1,2
317,1,2,3,3,5,8,4,2,1,4,4,1,4,2,3,2,4,5,2,1,2,4,3,4,3,2,2,1,3,4,4,3,0,3,2,1,2,1,4,1,4,1,2,5,2
318,2,0,1,2,4,1,2,0,3,2,2,2,6,7,3,2,2,5,3,1,2,4,4,3,2,2,1,1,2,0,3,2,5,5,2,0,4,1,1,2,2,5,3,2,2
319,2,2,2,8,3,2,2,6,6,2,5,1,5,7,3,4,4,5,2,0,4,3,1,2,3,5,2,2,3,2,3,2,1,2,1,3,3,3,4,1,2,1,4,0,4
320,2,3,2,5,3,6,1,2,2,0,1,2,4,3,2,1,3,3,3,4,1,5,2,3,4,1,7,2,3,5,3,4,3,2,7,4,3,2,1,1,6,0,1,3,4
321,2,1,0,3,4,1,2,3,2,5,3,3,5,2,1,4,3,1,2,2,4,4,2,2,3,3,2,1,5,3,3,0,2,1,3,3,2,5,1,4,2,4,3,1,5
322,6,2,1,1,3,4,3,2,4,0,5,3,6,5,1,4,4,4,4,3,4,1,2,3,0,4,1,0,6,2,2,3,4,2,3,1,1,3,4,4,4,2,3,3,1
323,1,2,2,2,3,3,5,5,4,5,2,2,5,0,2,4,4,3,6,3,4,5,3,0,1,3,1,5,1,3,5,1,4,3,2,3,3,0,2,4,4,3,0,3,0
324,2,3,1,2,3,4,3,3,1,3,3,3,1,4,2,2,2,4,5,3,2,4,1,2,3,0,5,0,0,1,2,0,2,2,4,3,5,0,2,4,0,3,0,2,3
325,1,3,3,1,3,0,1,3,3,0,1,3,2,0,2,1,3,1,1,2,1,4,2,2,1,2,2,1,1,2,1,1,2,2,2,2,1,3,2,4,1,2,1,5,3
326,3,3,3,1,1,0,1,2,0,2,3,2,2,2,3,1,6,2,3,3,1,1,2,1,2,2,2,3,1,0,2,4,4,2,1,1,2,2,1,1,1,0,2,1,3
327,1,2,3,2,4,2,4,2,4,4,3,2,2,1,3,3,3,1,5,2,3,0,3,0,4,3,3,2,2,2,5,3,0,4,1,3,3,1,4,1,2,1,1,1,2
328,1,1,3,2,4,1,2,1,4,5,5,2,5,2,2,3,4,3,2,2,3,2,2,2,0,1,2,1,1,1,1,2,3,2,2,2,3,2,3,3,2,3,0,1,1
329,1,1,1,3,4,1,5,0,4,4,2,1,3,0,2,4,3,3,5,1,4,5,5,1,2,3,2,5,1,0,3,3,2,2,1,1,5,0,4,0,1,0,2,2,3
330,1,3,1,4,4,2,1,3,3,2,2,2,2,3,3,3,2,1,6,3,3,5,0,3,2,1,3,2,3,1,1,4,1,3,4,3,3,1,4,0,3,6,3,2,5
331,4,0,2,1,2,6,1,4,1,4,4,0,2,1,0,1,1,1,2,3,1,1,4,0,2,4,2,0,1,2,3,3,4,1,1,4,2,2,4,1,5,6,0,3,2
332,1,7,3,6,5,2,6,7,2,3,1,4,2,6,2,0,2,4,4,3,0,2,3,0,2,2,1,0,4,0,2,3,1,4,2,0,1,4,1,5,5,3,2,1,3
333,3,1,2,1,1,2,3,2,4,4,0,3,5,2,5,1,4,4,3,2,1,2,1,1,3,6,0,2,0,2,4,3,0,4,1,2,2,2,2,2,1,4,4,4,6
334,3,1,1,4,3,3,1,1,1,2,3,2,1,1,4,3,5,2,4,1,3,1,4,4,1,5,1,2,0,3,3,1,3,8,4,3,2,2,4,6,3,0,1,3,5
335,2,0,2,2,2,2,2,1,1,4,1,1,2,4,3,2,4,5,1,2,2,3,2,3,4,6,1,3,3,3,2,0,1,2,4,3,3,3,5,4,3,2,2,2,5
336,0,4,1,5,3,2,4,1,2,5,5,2,1,2,4,1,2,6,0,5,1,2,4,1,3,7,1,2,1,2,3,2,1,2,3,2,3,4,1,4,8,3,2,1,2
337,2,3,1,4,2,2,5,5,4,2,4,2,5,5,3,2,4,6,3,3,2,3,4,3,4,1,2,1,2,4,5,3,2,3,2,3,1,1,3,5,4,1,3,2,1
338,3,2,1,6,4,5,2,3,5,2,1,0,5,4,4,5,3,0,4,3,4,4,2,3,2,5,0,3,2,2,10,4,6,1,4,3,3,3,0,2,5,2,2,3,4
339,3,2,0,6,5,4,3,3,1,5,3,2,5,6,0,2,1,4,3,2,3,3,4,2,1,3,2,1,3,5,3,6,2,4,7,3,5,0,2,3,4,3,5,2,5
340,1,7,3,3,3,5,3,0,2,3,4,3,7,1,4,1,2,5,4,3,3,2,1,5,2,1,4,4,3,4,6,2,0,2,3,6,4,2,5,3,5,4,2,0,5
341,5,1,3,5,3,5,7,4,1,3,7,2,2,5,2,2,4,4,5,2,5,3,7,1,2,3,3,3,4,4,1,5,0,5,3,2,0,4,2,3,1,3,3,5,4
342,4,2,2,3,3,3,2,2,5,4,3,2,4,1,1,5,4,1,2,3,7,3,4,2,3,4,3,2,1,3,2,2,2,2,1,8,1,4,3,2,4,4,2,2,2
343,3,4,4,6,3,4,4,5,4,4,2,0,4,2,4,2,2,3,5,3,2,4,5,2,1,2,3,4,4,3,6,0,2,4,0,4,3,4,1,6,3,4,0,3,2
344,1,5,2,4,1,1,3,4,2,6,5,3,0,2,2,4,2,2,3,2,2,0,2,1,2,1,3,3,2,2,1,1,3,1,3,3,4,2,2,3,0,1,2,3,1
345,2,2,1,4,2,4,2,0,2,2,2,3,3,4,2,1,3,1,3,3,0,5,3,4,1,2,0,3,1,1,2,2,4,4,3,2,0,2,3,3,4,2,1,4,2
346,4,3,1,0,2,1,0,2,0,1,3,1,2,0,1,2,6,0,1,4,2,2,2,2,1,2,4,3,0,3,1,2,3,1,1,1,1,4,0,3,1,1,3,0,1
347,1,1,2,1,3,5,3,2,3,3,2,2,2,1,1,2,5,0,3,2,2,2,1,0,4,2,3,2,3,1,2,4,1,4,2,1,3,2,3,3,3,5,1,0,3
348,4,2,1,3,0,2,3,2,3,3,2,1,2,1,3,2,4,3,0,3,1,0,1,1,1,2,1,0,0,2,2,0,1,2,3,4,4,2,0,2,1,3,1,3,1
349,1,2,1,2,4,6,2,2,3,4,2,4,5,2,3,2,5,5,3,1,3,1,1,4,4,1,0,3,2,1,2,3,3,2,2,1,4,3,3,2,2,5,0,1,0
350,1,0,2,5,3,1,2,3,0,2,3,2,1,1,3,3,6,2,5,2,2,2,4,5,4,4,3,2,4,1,2,3,1,1,2,2,1,0,4,0,2,5,2,3,3
351,3,3,3,2,2,3,5,3,2,5,0,2,1,1,4,3,3,2,4,2,2,1,3,2,3,1,2,4,3,4,1,2,2,3,2,1,3,2,4,4,5,2,1,3,5
352,2,6,2,8,6,3,7,5,2,2,2,2,5,6,4,2,6,2,2,3,3,2,5,2,0,3,0,1,7,1,2,1,2,1,1,1,1,2,2,3,4,2,2,7,3
353,1,0,2,2,1,2,1,5,3,5,2,3,3,4,6,4,2,3,3,5,5,2,6,2,3,5,2,2,0,1,5,2,2,0,4,5,0,3,5,4,3,1,3,3,3
354,2,1,1,2,4,1,2,2,3,6,2,3,6,2,2,3,7,3,5,2,1,3,3,4,1,4,3,2,0,4,6,1,3,4,4,1,0,4,0,4,4,2,1,8,2
355,2,4,3,4,4,5,3,1,3,6,2,1,2,3,2,6,6,2,2,3,3,2,3,2,2,4,2,2,2,4,2,1,3,3,2,2,4,2,1,5,2,2,1,3,2
356,2,1,0,3,4,4,3,1,4,4,3,2,3,0,3,2,1,5,1,1,3,2,1,2,3,4,2,2,0,2,4,1,4,2,1,4,1,4,2,6,4,2,6,4,0
357,3,6,1,6,4,3,3,2,2,4,6,0,5,3,1,1,5,5,4,4,1,1,6,0,0,3,0,1,2,3,3,4,4,1,0,5,3,1,2,7,7,3,3,1,2
358,5,1,1,5,4,6,3,3,2,3,0,3,4,3,3,4,2,3,3,2,2,3,3,3,2,4,1,3,2,1,1,7,4,4,3,1,1,3,2,5,3,4,1,5,10
359,3,2,3,3,4,4,1,5,0,2,4,4,3,7,5,4,3,6,4,2,2,3,1,4,0,5,3,0,3,3,4,3,3,2,4,5,3,3,1,1,3,4,1,3,4
360,1,5,1,5,2,4,2,3,1,4,2,0,3,3,2,0,4,3,4,3,2,2,2,6,2,2,4,4,1,3,2,2,4,1,3,3,3,4,2,6,5,3,4,0,4
361,2,0,2,3,2,4,6,2,3,5,1,1,4,4,2,3,4,3,2,5,1,3,4,2,0,4,2,6,3,6,4,5,0,3,3,2,2,8,2,4,0,1,2,4,6
362,3,2,0,3,2,3,3,2,2,0,4,3,5,0,2,4,6,3,2,2,6,0,2,1,3,4,1,4,0,4,2,4,2,1,3,5,1,6,3,0,1,2,0,6,8
363,5,2,2,2,7,6,6,3,4,5,5,1,1,0,2,5,4,5,7,2,4,4,3,1,1,2,6,5,4,3,0,3,1,5,3,2,1,3,0,6,3,3,1,1,6
364,0,4,3,0,3,5,2,5,2,4,1,5,0,2,0,2,2,1,6,1,1,0,2,1,1,0,2,7,2,3,0,3,1,2,1,4,3,1,1,1,1,0,0,6,6
365,2,2,2,1,0,4,3,3,1,0,4,2,4,4,5,2,2,0,5,3,0,6,2,3,0,3,0,1,3,1,2,3,5,0,2,0,4,2,2,1,3,2,1,3,4
366,1,3,0,1,2,1,1,0,1,3,2,2,2,5,1,3,2,1,1,2,2,1,1,1,4,1,5,2,2,4,1,2,5,1,0,1,1,1,4,3,0,3,2,2,6
367,3,2,1,0,3,6,2,2,2,0,5,1,3,3,0,5,7,4,1,1,2,2,2,2,1,3,2,2,0,3,2,5,4,3,4,1,3,1,4,3,2,1,1,3,5
368,3,3,3,2,0,0,1,2,2,2,4,2,2,2,2,1,4,3,3,1,7,0,1,1,3,2,2,1,0,3,3,3,2,2,1,3,3,4,3,2,2,1,1,3,7
369,0,3,0,2,2,4,0,6,4,4,2,2,5,2,1,1,1,6,2,3,0,2,3,1,4,4,1,3,3,2,4,0,3,2,3,4,3,2,1,1,1,2,1,1,4
370,2,1,0,3,2,1,3,2,3,5,5,4,0,1,3,3,4,2,4,0,4,4,0,1,2,2,4,1,4,3,1,4,3,3,3,0,2,3,2,1,7,2,1,3,5
371,3,2,1,5,4,1,0,6,5,4,6,2,2,1,0,5,4,1,4,4,1,3,2,2,1,2,3,2,1,4,0,3,2,2,3,4,2,5,5,7,1,2,0,7,4
372,2,2,3,5,6,5,5,4,6,1,2,2,1,3,2,1,3,2,3,3,0,1,4,3,2,2,0,3,4,0,4,3,2,2,2,2,3,2,2,2,2,5,2,3,1
373,2,4,3,2,1,7,2,3,3,1,5,3,3,3,4,2,3,3,2,1,4,3,6,3,1,6,2,5,4,0,1,0,2,3,1,1,1,1,2,2,2,1,1,4,4
374,4,4,1,3,2,3,3,5,2,7,4,2,4,4,3,4,3,2,4,3,1,3,4,4,1,3,0,2,1,3,4,1,2,8,1,3,2,1,2,5,0,1,1,6,0
375,3,1,2,3,2,4,1,3,4,3,4,2,2,1,3,2,4,2,2,4,2,2,4,1,2,3,1,4,1,3,7,3,5,4,3,6,4,1,4,7,7,2,2,5,2
376,2,5,0,3,2,2,3,1,4,2,4,4,3,4,1,4,4,6,2,4,4,2,5,2,3,6,1,3,1,1,5,3,5,4,6,7,4,4,2,4,2,2,2,1,2
377,2,3,2,3,3,7,4,3,3,4,9,2,1,3,1,2,2,5,4,1,1,2,2,2,3,1,0,0,2,2,3,3,2,3,1,3,2,2,4,1,7,4,5,4,3
378,3,2,1,3,2,2,3,2,3,1,5,2,4,3,2,3,5,2,3,7,1,4,6,3,1,7,0,1,2,1,1,2,3,2,3,3,1,5,1,4,6,4,3,4,5
379,6,3,1,5,3,5,2,5,4,3,3,5,4,2,4,3,3,6,4,3,3,3,2,3,1,6,2,3,5,2,4,4,3,3,3,6,4,6,1,5,3,1,2,4,3
380,2,2,4,4,4,8,4,3,1,3,1,2,3,2,3,1,6,2,3,4,4,1,4,4,3,4,5,5,2,2,6,2,4,5,3,5,3,6,2,3,3,4,2,4,4
381,2,3,0,3,4,2,5,3,0,4,3,0,2,6,2,2,2,3,4,3,4,3,3,4,0,4,4,4,5,3,4,1,2,2,3,2,2,4,1,5,2,1,2,4,2
382,6,2,5,2,5,2,4,2,3,1,4,4,2,0,3,4,5,1,1,3,3,1,3,2,2,4,2,3,1,5,2,3,3,0,1,4,2,4,2,2,4,1,4,3,4
383,3,1,0,2,6,2,4,2,4,4,3,1,3,0,1,6,3,1,3,3,5,2,3,1,1,2,2,6,2,3,0,2,2,1,3,8,1,3,1,6,2,1,2,3,2
384,2,1,2,1,4,0,3,7,2,2,2,5,2,1,0,2,3,3,7,2,2,3,3,1,5,5,2,2,1,2,2,2,5,2,1,3,0,3,3,1,3,2,1,4,2
385,0,5,2,0,2,3,1,3,1,3,1,3,1,4,1,1,5,2,2,1,0,6,2,0,2,1,1,2,1,5,1,2,2,3,4,2,0,3,3,1,0,2,1,3,1
386,3,3,0,1,2,3,1,1,1,1,4,1,1,3,1,2,2,2,1,0,1,0,2,2,2,0,1,4,0,1,2,3,6,0,2,5,2,3,1,2,1,1,2,4,3
387,3,2,1,0,2,4,4,1,2,1,5,2,0,1,0,2,4,0,0,2,2,1,6,2,5,4,1,1,2,0,2,0,3,2,0,4,1,3,1,1,2,2,0,5,1
388,1,2,1,3,1,1,0,1,4,2,0,5,1,2,2,2,3,4,0,3,3,2,0,3,3,6,4,1,1,4,2,1,4,2,0,3,2,2,4,2,1,5,2,1,3
389,3,2,1,3,1,3,2,3,3,3,0,2,4,2,3,1,1,2,3,2,1,3,2,1,3,1,2,4,1,4,2,0,2,1,2,3,4,4,2,2,1,1,2,2,1
390,3,0,0,4,7,4,2,5,4,3,3,3,2,2,2,6,3,3,3,2,2,3,5,3,1,2,1,3,2,6,3,4,4,4,2,4,3,3,2,1,4,3,4,4,5
391,2,2,1,4,2,2,1,2,4,2,4,1,3,1,5,4,4,1,2,5,2,5,3,3,2,3,3,6,2,3,2,1,2,3,5,2,2,2,1,3,1,4,1,2,5
392,4,2,1,6,1,6,1,6,1,1,2,5,2,0,2,4,3,2,5,2,0,1,6,4,3,4,2,2,1,2,4,5,4,2,1,1,0,4,1,3,5,2,3,4,2
393,2,2,3,1,2,6,3,4,3,1,2,4,3,3,3,1,4,1,1,6,3,1,2,4,1,7,0,1,2,0,2,3,3,3,3,4,0,3,5,4,1,3,5,1,4
394,3,2,1,2,6,3,1,3,3,2,4,6,4,1,3,1,4,2,4,2,0,4,4,3,4,5,1,4,1,6,5,0,2,8,4,4,1,4,2,4,2,2,0,1,1
395,3,2,2,3,2,3,2,2,1,6,2,0,3,4,4,4,2,3,4,1,2,2,4,5,1,6,0,3,3,2,5,3,6,6,4,3,3,3,5,3,5,2,4,3,2
396,1,4,3,2,4,3,3,4,5,3,3,4,1,1,4,0,2,2,3,4,0,1,4,3,2,7,4,2,3,1,7,2,3,3,4,4,4,3,4,6,2,1,3,3,5
397,2,2,0,4,5,6,4,4,5,4,3,4,4,5,2,2,5,3,4,3,1,3,5,5,2,4,1,2,0,3,2,2,4,3,1,4,4,4,4,2,5,4,3,2,2
398,4,1,0,5,4,2,5,1,4,3,5,3,4,3,1,3,2,2,2,4,2,0,2,6,5,5,2,2,0,1,3,1,2,1,4,3,2,5,1,1,5,0,2,3,9
399,1,3,2,3,2,4,0,3,3,3,2,1,4,3,3,6,1,3,4,0,3,5,1,6,2,5,3,0,3,2,4,5,3,3,3,4,4,1,3,2,2,4,4,3,8
400,3,4,0,6,4,1,2,3,0,3,3,4,3,3,2,3,4,2,1,5,1,2,1,5,3,4,2,2,2,1,7,0,6,6,3,2,1,3,2,4,2,1,4,3,1
