1,0.0,25181.036970524285,2747.7100277982545,59240.74812829403,-52281.969251236784,0.0,0.0,0.0,0.0
2,0.0,25129.024544262,2906.751049200197,59725.00201017417,-52634.271061120875,0.0,0.0,0.0,0.0
3,0.0,16484.617733723153,10541.09259117726,59950.014508420405,-51671.00590790387,0.0,0.0,0.0,0.0
4,0.0,11860.12541823564,14358.372893009337,56030.40100974724,-46863.74296878093,0.0,0.0,0.0,0.0
5,0.0,20287.084372082198,3710.0536746076154,52435.03931726605,-42325.41532747606,0.0,0.0,0.0,0.0
6,0.0,14789.435423386918,8326.147708542863,52282.13245976589,-41708.5924225337,0.0,0.0,0.0,0.0
7,0.0,20163.252864315677,1541.099232578953,49602.80938569015,-37887.454711040155,0.0,0.0,0.0,0.0
8,0.0,22292.27427118681,833.0610850063506,48748.5629439529,-38497.19162436791,0.0,0.0,0.0,0.0
9,0.0,24893.554434364272,0.0,48068.88309541938,-39443.649501574175,0.0,0.0,0.0,0.0
10,0.0,26346.735079333568,0.0,47551.33214444139,-40203.10367717494,0.0,0.0,0.0,0.0
11,0.0,27043.62463835641,30.782212266783123,47195.992187636,-40397.009111620195,0.0,0.0,0.0,0.0
12,0.0,27197.634419370635,235.97935478098813,47003.59382310721,-40388.771030578886,0.0,0.0,0.0,0.0
13,0.0,27190.010089842315,254.32101396195466,46969.94939316264,-40217.465337132904,0.0,0.0,0.0,0.0
14,0.0,27110.892001226606,19.16878001762277,47090.02217329876,-39933.28226070594,0.0,0.0,0.0,0.0
15,0.0,26799.136374978047,0.0,47364.86258117116,-39849.03040456112,0.0,0.0,0.0,0.0
16,0.0,26078.065508004187,0.0,47790.709915964,-39639.55461655365,0.0,0.0,0.0,0.0
17,0.0,24865.581079342694,0.0,48363.0430433847,-39091.94740913246,0.0,0.0,0.0,0.0
18,0.0,23769.679972813596,0.0,49077.64428107359,-38853.19997223332,0.0,0.0,0.0,0.0
19,0.0,22611.62800063944,0.0,49924.42537837168,-38750.036561938934,0.0,0.0,0.0,0.0
20,0.0,22203.58399030725,0.0,50931.28460669774,-39242.8483286351,0.0,0.0,0.0,0.0
21,0.0,21085.833843501736,0.0,52073.33374211274,-39305.15928475679,0.0,0.0,0.0,0.0
22,0.0,20287.34021907565,0.0,53355.79696301044,-39701.03433541279,0.0,0.0,0.0,0.0
23,0.0,19561.08260383177,0.0,54761.49513736,-40316.09324502998,0.0,0.0,0.0,0.0
24,0.0,22215.90672773139,0.0,52176.954402425654,-40367.02154800114,0.0,0.0,0.0,0.0
25,0.0,23921.49992603365,0.0,49940.56965224115,-39733.34356998,0.0,0.0,0.0,0.0
26,0.0,24002.18590954962,0.0,49855.19933267271,-39583.73488198523,0.0,0.0,0.0,0.0
27,0.0,24626.50505897262,0.0,48309.410196380595,-38702.50072560491,0.0,0.0,0.0,0.0
28,0.0,24281.47473996569,0.0,47991.43322558558,-37913.81547808121,0.0,0.0,0.0,0.0
29,0.0,24005.263200424823,0.0,47744.36659342687,-37067.14358891978,0.0,0.0,0.0,0.0
30,0.0,24207.96115527122,0.0,47593.442808980435,-37000.65120261892,0.0,0.0,0.0,0.0
31,0.0,24314.68990279195,0.0,47549.29340447094,-36760.01862938861,0.0,0.0,0.0,0.0
32,0.0,24807.601553640852,0.0,47562.49044447243,-37131.124376751504,0.0,0.0,0.0,0.0
33,0.0,24760.415332323577,0.0,47711.10270360451,-37126.773201991884,0.0,0.0,0.0,0.0
34,0.0,24991.696903714124,0.0,47970.47212753292,-37506.76871750339,0.0,0.0,0.0,0.0
35,0.0,25086.27160993536,0.0,48343.863664745746,-37901.84907137957,0.0,0.0,0.0,0.0
36,0.0,25218.337994497026,0.0,48832.45524904819,-38412.626118122185,0.0,0.0,0.0,0.0
37,0.0,25520.404811658736,0.0,49441.888816410035,-39022.61869978167,0.0,0.0,0.0,0.0
38,0.0,25542.61787570386,0.0,50124.77927475597,-39561.94172046397,0.0,0.0,0.0,0.0
39,0.0,25224.476830923453,0.0,50883.79631896538,-39857.210069518434,0.0,0.0,0.0,0.0
40,0.0,24989.794610083773,0.0,51835.01432614798,-40445.51921531706,0.0,0.0,0.0,0.0
41,0.0,24650.525491761695,0.0,52895.749019573974,-41023.88689578642,0.0,0.0,0.0,0.0
42,0.0,24572.493530764667,0.0,54113.70061181367,-41895.592259895566,0.0,0.0,0.0,0.0
43,0.0,24613.730960650526,0.0,55479.50728086085,-43145.71038053471,0.0,0.0,0.0,0.0
44,0.0,26068.163118192235,0.0,53601.454969655904,-42567.5203602709,0.0,0.0,0.0,0.0
45,0.0,26977.398646619073,0.0,52086.53203495148,-41693.191640884295,0.0,0.0,0.0,0.0
46,0.0,26882.5530130773,0.0,52271.580595878746,-41478.02907747962,0.0,0.0,0.0,0.0
47,0.0,27357.58237533872,0.0,51778.96124520104,-41162.67655191237,0.0,0.0,0.0,0.0
48,0.0,27956.006202885474,0.0,51921.2253081224,-41529.709507296524,0.0,0.0,0.0,0.0
49,0.0,29041.788955163433,0.0,52128.694763210246,-42468.08103494956,0.0,0.0,0.0,0.0
50,0.0,29849.317227671316,0.0,52249.94932750928,-43033.44700590585,0.0,0.0,0.0,0.0
51,0.0,30372.98027707827,0.0,52475.65306343417,-43471.012166941626,0.0,0.0,0.0,0.0
52,0.0,30496.01375695249,0.0,52891.99168140212,-43696.878117259395,0.0,0.0,0.0,0.0
53,0.0,30638.003391668084,0.0,53431.485024563844,-44043.94310413743,0.0,0.0,0.0,0.0
54,0.0,30767.06203735232,0.0,54087.86834177994,-44481.809397619,0.0,0.0,0.0,0.0
55,0.0,30800.157879974635,0.0,54828.36402251507,-44906.38052355082,0.0,0.0,0.0,0.0
56,0.0,30846.7732110243,0.0,55751.680078239624,-45509.63098372736,0.0,0.0,0.0,0.0
57,0.0,31196.404103848123,0.0,56820.66856018352,-46538.30945073144,0.0,0.0,0.0,0.0
58,0.0,31393.280107465842,0.0,58039.885756161966,-47549.14876685862,0.0,0.0,0.0,0.0
59,0.0,32093.815795365343,0.0,59398.97006343915,-49177.29751551963,0.0,0.0,0.0,0.0
60,0.0,32405.168330923803,0.0,60926.24150454535,-50568.10592783026,0.0,0.0,0.0,0.0
61,0.0,33164.57789953374,0.0,62563.892851602184,-52509.11788446628,0.0,0.0,0.0,0.0
62,0.0,33637.619838834915,0.0,64304.42869174082,-54240.45949431751,0.0,0.0,0.0,0.0
63,0.0,34145.34801350816,0.0,66008.67656893295,-55957.176845653295,0.0,0.0,0.0,0.0
64,0.0,34782.03056340432,0.0,65281.8770649219,-55365.351172399445,0.0,0.0,0.0,0.0
65,0.0,35318.01140659616,0.0,64937.097737587574,-54919.71761266834,0.0,0.0,0.0,0.0
66,0.0,35804.28903605249,0.0,66056.52585794435,-55844.722538759364,0.0,0.0,0.0,0.0
67,0.0,38457.43720488988,0.0,65596.27765161746,-57371.03989339345,0.0,0.0,0.0,0.0
68,0.0,39621.90479678747,0.0,65323.86043495914,-57637.80688356371,0.0,0.0,0.0,0.0
69,0.0,40501.7171985808,0.0,65300.11103317222,-57898.73748175607,0.0,0.0,0.0,0.0
70,0.0,40513.35412285722,0.0,65547.62252374332,-57575.74993173995,0.0,0.0,0.0,0.0
71,0.0,40903.45774863919,0.0,66013.22361253944,-57812.77606814233,0.0,0.0,0.0,0.0
72,0.0,41400.02472512737,0.0,66643.18775218322,-58295.591448160114,0.0,0.0,0.0,0.0
73,0.0,41624.15492389307,0.0,67383.32303106756,-58601.855632302104,0.0,0.0,0.0,0.0
74,0.0,41696.07144249191,360.9352135816504,68272.41728208907,-59270.63975425946,0.0,0.0,0.0,0.0
75,0.0,40378.75324286082,1767.6078791486075,69332.73498074462,-59787.81947628082,0.0,0.0,0.0,0.0
76,0.0,37989.649660565556,3686.7076090062,70657.61214949668,-59629.84406488403,0.0,0.0,0.0,0.0
77,0.0,37267.45041408698,4190.620816237316,72135.24440507797,-60336.502795162036,0.0,0.0,0.0,0.0
78,0.0,36944.334637418164,4866.154004612423,73773.80248162783,-59752.20818764118,0.0,0.0,0.0,0.0
79,0.0,37622.26429061458,4380.5115651639535,75566.80509903851,-60714.117402341086,0.0,0.0,0.0,0.0
80,0.0,37019.784242053734,7624.14488120718,77542.1418305238,-60524.55474592127,0.0,0.0,0.0,0.0
81,0.0,36698.82200116092,7642.470551353727,79667.91694457045,-61983.32808398373,0.0,0.0,0.0,0.0
82,0.0,36244.19968682875,7397.114878379196,81908.33210845881,-63374.97170920381,0.0,0.0,0.0,0.0
83,0.0,35711.36002452893,5931.186142308077,84354.6542580032,-63587.31642122224,0.0,0.0,0.0,0.0
84,0.0,35268.757454241466,6391.215332078734,84750.14485667946,-63054.84402844572,0.0,0.0,0.0,0.0
85,0.0,34775.3916486184,7810.5678551313595,85290.3563919685,-62985.87468730224,0.0,0.0,0.0,0.0
86,0.0,34206.779068843745,8639.5530012928,87093.41007819666,-63493.43953143556,0.0,0.0,0.0,0.0
87,0.0,33985.90752992309,8732.96674965469,87552.38008497636,-62711.717778420134,0.0,0.0,0.0,0.0
88,0.0,33344.97795040833,8749.495493983977,88168.90637024838,-62842.20347000501,0.0,0.0,0.0,0.0
89,0.0,33253.99784059734,7990.599899057749,89133.03318542297,-63288.619684016536,0.0,0.0,0.0,0.0
90,0.0,32517.929153205325,8236.072483644894,90266.78772575187,-62756.64585562615,0.0,0.0,0.0,0.0
91,0.0,31859.841571403827,7533.52693765068,91125.0426545412,-62176.79490105805,0.0,0.0,0.0,0.0
92,0.0,31296.827236724468,7505.649233646316,91996.96286001195,-61998.849131671384,0.0,0.0,0.0,0.0
93,0.0,30848.953283369945,7089.940967139618,93118.64809991723,-62280.14395464773,0.0,0.0,0.0,0.0
94,0.0,31457.094096597444,6293.0847670618505,93964.48729046968,-63116.54825024532,0.0,0.0,0.0,0.0
95,0.0,30564.86698731874,5719.127263771169,94880.54604823643,-62435.4581263707,0.0,0.0,0.0,0.0
96,0.0,29705.855009012816,5178.9137413591825,95958.99085131395,-61642.24316569382,0.0,0.0,0.0,0.0
97,0.0,29833.68207629931,4566.728192785628,96994.34122102095,-60952.923642911504,0.0,0.0,0.0,0.0
98,0.0,30836.134019491485,4367.168024721911,98169.49430638773,-62211.18997535998,0.0,0.0,0.0,0.0
99,0.0,31713.17448326296,3787.942866145637,99377.27480330954,-63359.92471677802,0.0,0.0,0.0,0.0
100,0.0,32507.084339172918,3410.577159740868,100793.09645263795,-64858.61433526188,0.0,0.0,0.0,0.0
101,0.0,33205.01109535234,3300.2164121615406,102335.70285015079,-65679.69269528522,0.0,0.0,0.0,0.0
102,0.0,33222.24854089421,3056.3785286154116,103956.58976909461,-66296.24497468593,0.0,0.0,0.0,0.0
103,0.0,32985.63800758132,3280.8466766055626,105487.40048995105,-67373.36624874706,0.0,0.0,0.0,0.0
104,0.0,32201.377987150994,3693.3122652302136,105346.50595807789,-66179.12060573362,0.0,0.0,0.0,0.0
105,0.0,32381.966362469368,3836.3129559777,105151.16635528253,-65796.94224151576,0.0,0.0,0.0,0.0
106,0.0,32037.551439778064,4110.3523328376605,106283.27926100547,-66392.81881043584,0.0,0.0,0.0,0.0
107,0.0,32828.17859949088,3543.284775284302,106203.89479976158,-66064.23695514043,0.0,0.0,0.0,0.0
108,0.0,32995.808828684545,3520.4622888771137,106655.14216799353,-66086.13159192802,0.0,0.0,0.0,0.0
109,0.0,33279.0619285966,4014.3117108692177,107117.71848450556,-65426.08534619711,0.0,0.0,0.0,0.0
110,0.0,32827.87345072532,4688.498342544799,107691.72877219996,-64830.66964373173,0.0,0.0,0.0,0.0
111,0.0,32564.630489517178,4160.089295607352,108111.97129413436,-64168.67557080575,0.0,0.0,0.0,0.0
112,0.0,32663.55061858338,4251.37766644981,108725.97538057747,-64430.52698706731,0.0,0.0,0.0,0.0
113,0.0,34033.213717661136,3480.433140305106,109410.01854065422,-65298.52453620567,0.0,0.0,0.0,0.0
114,0.0,34564.4212269081,3477.4647444100015,109867.52921096835,-65164.359633983506,0.0,0.0,0.0,0.0
115,0.0,34647.40721386947,3832.91174786623,110762.76245447042,-65930.54180354695,0.0,0.0,0.0,0.0
116,0.0,33919.92827513286,4159.942707455706,111492.8619421096,-65377.51097839358,0.0,0.0,0.0,0.0
117,0.0,33671.43513477622,4317.690836397999,112407.54132705167,-65644.1393954062,0.0,0.0,0.0,0.0
118,0.0,33393.84944880977,4400.201552946205,113460.56730307905,-65949.41816720465,0.0,0.0,0.0,0.0
119,0.0,33722.33156969797,4118.214327639771,114557.64066308488,-66097.84662902469,0.0,0.0,0.0,0.0
120,0.0,33929.52661583474,4156.4611965450285,115978.03481534094,-66928.68796152325,0.0,0.0,0.0,0.0
121,0.0,34807.373415510534,3774.0071862404925,117513.14375785913,-68224.30531266371,0.0,0.0,0.0,0.0
122,0.0,35429.61415053727,3998.622736173458,119065.8091163678,-69730.1888469989,0.0,0.0,0.0,0.0
123,0.0,35286.092130348785,4182.940751683608,121030.57454859748,-71192.84670425595,0.0,0.0,0.0,0.0
124,0.0,35934.763487157914,3788.986757785191,121394.63265273206,-71246.03587309665,0.0,0.0,0.0,0.0
125,0.0,36480.72103391038,3837.831028014311,121943.07938837496,-71943.09120731177,0.0,0.0,0.0,0.0
126,0.0,36596.38352435137,4220.85288636045,123616.2734128205,-73480.84738365051,0.0,0.0,0.0,0.0
127,0.0,37270.14381026503,4347.45697184188,124065.45929360072,-74134.57164162262,0.0,0.0,0.0,0.0
128,0.0,36385.01165949832,4789.882563735746,125147.37287287573,-74148.41457599383,0.0,0.0,0.0,0.0
129,0.0,36447.2948319888,4947.541775951208,126204.22527650022,-74804.1497476304,0.0,0.0,0.0,0.0
130,0.0,35846.619700602445,4932.1774175306255,127376.90193863983,-74575.78866677325,0.0,0.0,0.0,0.0
131,0.0,35322.08178896718,5257.564595492475,128559.62994392979,-74858.75636704879,0.0,0.0,0.0,0.0
132,0.0,36177.390039598125,5298.560818133019,129679.23326655824,-76324.87611669832,0.0,0.0,0.0,0.0
133,0.0,36752.50523748161,4980.107710649456,130830.18169373204,-77162.37290603312,0.0,0.0,0.0,0.0
134,0.0,37361.358611074735,4842.5669495776365,131908.28310115167,-77880.16263692474,0.0,0.0,0.0,0.0
135,0.0,37666.773795957815,4981.196637676574,133696.41052410848,-79340.1261527734,0.0,0.0,0.0,0.0
136,0.0,37728.505410868085,4833.074389844136,135098.99915242597,-79874.86816972555,0.0,0.0,0.0,0.0
137,0.0,38135.44564106491,4522.665270975347,136889.81796651147,-80932.34586704013,0.0,0.0,0.0,0.0
138,0.0,38081.425242450176,4837.274947156401,138586.9182124601,-81882.20805889882,0.0,0.0,0.0,0.0
139,0.0,38520.535967325224,5149.46884805594,140124.24026134063,-83480.61224354459,0.0,0.0,0.0,0.0
140,0.0,37657.13460723761,5879.341377032201,142124.39840902717,-84423.92167533572,0.0,0.0,0.0,0.0
141,0.0,37447.009723783616,6120.965549957389,143879.96861469632,-85403.903624886,0.0,0.0,0.0,0.0
142,0.0,37465.51345687176,6135.753906923503,145474.42847247294,-86339.84885247999,0.0,0.0,0.0,0.0
143,0.0,37469.47448657122,5885.46492781322,147509.83988621476,-87575.38462720228,0.0,0.0,0.0,0.0
144,0.0,38521.835225899325,5253.849497674714,147648.35957339208,-87386.07312794059,0.0,0.0,0.0,0.0
145,0.0,38602.56790024402,5427.202152521206,148473.17384059643,-87847.7761725282,0.0,0.0,0.0,0.0
146,0.0,39273.3601203482,5261.297331169362,150218.7392354313,-89522.99684460025,0.0,0.0,0.0,0.0
147,0.0,39395.59546157348,5342.128243940281,150823.4573836993,-89510.40475398305,0.0,0.0,0.0,0.0
148,0.0,39854.5774241514,5232.2571494262575,151998.0219257439,-90231.56310104123,0.0,0.0,0.0,0.0
149,0.0,39436.80476473534,5376.787500517225,152870.87547324086,-90176.46775342828,0.0,0.0,0.0,0.0
150,0.0,39721.845202597935,5386.688543343191,153797.94899012486,-90261.616995709,0.0,0.0,0.0,0.0
151,0.0,40011.01158027949,5494.884725309332,154944.74420058454,-91181.24181434923,0.0,0.0,0.0,0.0
152,0.0,40744.699812480205,5062.111110006134,156017.4363854472,-92094.26950091096,0.0,0.0,0.0,0.0
153,0.0,41136.654290678096,5358.4730263699785,157189.91066383396,-93395.58560722391,0.0,0.0,0.0,0.0
154,0.0,40501.87903891393,6202.886302837713,157998.95157632252,-93235.73418289788,0.0,0.0,0.0,0.0
155,0.0,39316.332950479,6766.165090658756,159141.20414553877,-92436.34109631705,0.0,0.0,0.0,0.0
156,0.0,38520.71632554231,7492.421256141134,160012.56174762364,-92257.27421055765,0.0,0.0,0.0,0.0
157,0.0,39283.28442840273,6588.960583971827,160876.79774978774,-92322.86566508777,0.0,0.0,0.0,0.0
158,0.0,40388.86621854256,5390.472112570438,162162.18647730377,-93038.56930686357,0.0,0.0,0.0,0.0
159,0.0,42198.30573628968,5166.015933799,163676.820535013,-95446.14987914982,0.0,0.0,0.0,0.0
160,0.0,43708.93343110754,4412.762721808378,165604.75254837764,-97481.46676787946,0.0,0.0,0.0,0.0
161,0.0,44743.23661605192,3817.219605279595,167455.5819406607,-99239.37569128496,0.0,0.0,0.0,0.0
162,0.0,45582.62912878977,3564.6720841686356,169192.55858380813,-101025.55222162671,0.0,0.0,0.0,0.0
163,0.0,44546.90238598101,4908.393922392603,171287.56579607265,-101670.87672680816,0.0,0.0,0.0,0.0
164,0.0,44923.59618467291,5644.0440587223475,170823.76683001706,-101812.20881938835,0.0,0.0,0.0,0.0
165,0.0,43065.9099037589,6598.647097308019,171078.84056392423,-100538.79892993215,0.0,0.0,0.0,0.0
166,0.0,43349.72744031043,6311.779546438061,171764.10914103154,-99346.80973024532,0.0,0.0,0.0,0.0
167,0.0,43525.87910038835,6020.377682878486,172380.75305757593,-98878.35105199298,0.0,0.0,0.0,0.0
168,0.0,44870.987515844114,5319.539146857692,173784.50874445392,-100479.12659053758,0.0,0.0,0.0,0.0
169,0.0,45568.96174457953,5707.887797360765,174625.5869277051,-101838.06374891037,0.0,0.0,0.0,0.0
170,0.0,45671.470465467806,5797.840196540999,175504.63842634452,-102375.41021188612,0.0,0.0,0.0,0.0
171,0.0,45264.945372057315,6322.73561196569,176861.30201593935,-102911.68079974406,0.0,0.0,0.0,0.0
172,0.0,45224.972829803,6687.441303826951,177729.14089069702,-102796.87598305181,0.0,0.0,0.0,0.0
173,0.0,45134.32620693713,6687.172140297176,178922.65797437387,-103530.64174688476,0.0,0.0,0.0,0.0
174,0.0,45706.086217932556,6979.942561994475,179637.16487059323,-103790.20916211852,0.0,0.0,0.0,0.0
175,0.0,45841.74118020205,7068.347791116199,180554.52699662276,-104284.37027059686,0.0,0.0,0.0,0.0
176,0.0,44667.2591448005,7728.511385512343,181013.44244893332,-102996.05416917504,0.0,0.0,0.0,0.0
177,0.0,45004.710931254645,7385.297890728244,181341.46954814036,-102115.30530562137,0.0,0.0,0.0,0.0
178,0.0,44821.627530653546,7404.661202674274,182448.8568306957,-102327.39335186385,0.0,0.0,0.0,0.0
179,0.0,45445.79546715163,7239.833336791851,184157.38169718563,-103527.4469422856,0.0,0.0,0.0,0.0
180,0.0,44999.07764262475,7500.948367085439,186234.42092870033,-104847.52312069277,0.0,0.0,0.0,0.0
181,0.0,45282.276031694506,7327.040546870024,187922.52142461378,-106157.48952189271,0.0,0.0,0.0,0.0
182,0.0,45226.32640439736,7068.420131676042,189693.24497795466,-106636.6343383327,0.0,0.0,0.0,0.0
183,0.0,46092.482040765084,6164.92988653287,191686.3618416394,-108036.34391341303,0.0,0.0,0.0,0.0
184,0.0,46254.24572631281,6044.100433158725,191418.3919926447,-107261.0007668284,0.0,0.0,0.0,0.0
185,0.0,47292.4089136495,6021.491033148689,191788.357979102,-108015.4990283217,0.0,0.0,0.0,0.0
186,0.0,48466.16674577493,5913.681709085269,192716.39882762605,-109338.75142066264,0.0,0.0,0.0,0.0
187,0.0,48933.23455132568,5173.7822777677,193293.66848165967,-108549.38571689419,0.0,0.0,0.0,0.0
188,0.0,49632.65665820165,5412.654760418511,194897.4029112015,-110385.11205869833,0.0,0.0,0.0,0.0
189,0.0,50735.53456267752,5150.169207774953,196137.1663027269,-111560.12275969305,0.0,0.0,0.0,0.0
190,0.0,51323.17720053132,5128.738708202727,197201.19154712252,-112323.2492389127,0.0,0.0,0.0,0.0
191,0.0,51715.996830302065,5602.3400944245905,198690.2496455412,-113700.21181061215,0.0,0.0,0.0,0.0
192,0.0,51895.07746366254,6043.028058069346,199624.86273292557,-114682.85853486204,0.0,0.0,0.0,0.0
193,0.0,51795.92310698097,6492.083301874491,200679.4563559499,-114149.30644516321,0.0,0.0,0.0,0.0
194,0.0,51146.957587381105,6815.688084506007,201536.59098194054,-113876.49546525204,0.0,0.0,0.0,0.0
195,0.0,51223.71325198532,7127.300109930658,202095.00349825752,-114063.98259805706,0.0,0.0,0.0,0.0
196,0.0,50869.281159534614,7620.22197846864,202826.27375177515,-114295.34940874345,0.0,0.0,0.0,0.0
197,0.0,50361.81969883334,8179.833643345647,203446.13538826874,-114129.09719176785,0.0,0.0,0.0,0.0
198,0.0,50846.042285657044,7661.342796120063,204175.6399764684,-114279.24426628866,0.0,0.0,0.0,0.0
199,0.0,50896.723067824714,8260.605433450735,206048.14324360306,-116286.89336200619,0.0,0.0,0.0,0.0
200,0.0,52099.50257296342,7257.533853205234,207271.8537502818,-117080.51628255703,0.0,0.0,0.0,0.0
201,0.0,52371.269773274624,7000.046997951957,209326.5406694149,-118161.18059682746,0.0,0.0,0.0,0.0
202,0.0,54011.74829147393,6540.192398099943,211273.70908416007,-120579.67715345125,0.0,0.0,0.0,0.0
203,0.0,52580.69062331196,7360.373025397153,213749.0344674306,-120049.10501089567,0.0,0.0,0.0,0.0
204,0.0,53264.880579324024,7155.665369819335,213692.15842744557,-119534.25316827201,0.0,0.0,0.0,0.0
205,0.0,51624.128810389004,8038.150184601322,214742.5034954647,-119154.35818165795,0.0,0.0,0.0,0.0
206,0.0,53043.14118392015,7740.576416524802,216009.50256669475,-120963.1960109669,0.0,0.0,0.0,0.0
207,0.0,53418.42217251756,8078.683399300994,217055.20788519716,-121537.18784612638,0.0,0.0,0.0,0.0
208,0.0,54741.80815669933,8027.578737619355,219054.58547576377,-123518.17166849558,0.0,0.0,0.0,0.0
209,0.0,54455.168068126644,8664.559130669408,219996.16142340863,-122836.08308847337,0.0,0.0,0.0,0.0
210,0.0,54374.45618557327,8472.62718935212,220725.25099465143,-122773.67254209449,0.0,0.0,0.0,0.0
211,0.0,55039.92027128546,7750.349774434816,222289.51934886238,-123770.12151876169,0.0,0.0,0.0,0.0
212,0.0,54829.112933429424,7372.495978921538,223528.7815628704,-123576.08019202702,0.0,0.0,0.0,0.0
213,0.0,55951.33826980905,6574.043445669473,224785.95519211644,-124054.24030125675,0.0,0.0,0.0,0.0
214,0.0,57403.42149109821,6719.067429331752,226042.66951519504,-125596.9039706518,0.0,0.0,0.0,0.0
215,0.0,57252.54938088276,6879.674070395965,227045.65368746233,-125699.93989746402,0.0,0.0,0.0,0.0
216,0.0,56650.979142994736,6793.343363665643,227891.98625892668,-125057.57362013611,0.0,0.0,0.0,0.0
217,0.0,56579.99778936141,7023.305298152888,228435.5729319464,-125170.74339666436,0.0,0.0,0.0,0.0
218,0.0,57540.165385157066,7594.153394495413,228783.72182030656,-126437.40061749845,0.0,0.0,0.0,0.0
219,0.0,57800.32536840376,7815.631109732126,230493.19713187264,-127990.08291695316,0.0,0.0,0.0,0.0
220,0.0,58529.88859322546,7396.92745500464,231650.02940002375,-128795.45665958556,0.0,0.0,0.0,0.0
221,0.0,59309.44653632578,7375.650394293097,233547.21842231072,-130475.54423522479,0.0,0.0,0.0,0.0
222,0.0,60489.07383064787,7185.34208457983,235597.01030888787,-132434.7069514946,0.0,0.0,0.0,0.0
223,0.0,60013.276854631375,7546.435643198505,238082.1688444849,-133668.8605888671,0.0,0.0,0.0,0.0
224,0.0,57880.862719987614,6863.449024247343,237566.59655881234,-132323.21866152112,0.0,0.0,0.0,0.0
225,0.0,57744.085892831084,8865.321979790022,238873.9628895205,-133607.91559037473,0.0,0.0,0.0,0.0
226,0.0,58975.9322240182,8682.615862589824,239552.26808813855,-134601.32849447193,0.0,0.0,0.0,0.0
227,0.0,57993.66034727924,8435.523413289018,240128.067890015,-133594.63032284268,0.0,0.0,0.0,0.0
228,0.0,59086.387127000635,8608.567396668286,241884.35434935178,-136069.6263262509,0.0,0.0,0.0,0.0
229,0.0,59163.05485565095,8744.169225819407,243097.54307866606,-134929.02845644316,0.0,0.0,0.0,0.0
230,0.0,58304.94413526685,9334.403103411309,244360.26252237486,-134708.71311377134,0.0,0.0,0.0,0.0
231,0.0,60111.827306535575,9210.388781711014,245536.68298758083,-136531.42011356857,0.0,0.0,0.0,0.0
232,0.0,58651.34887657724,8618.486379129703,247613.47749445285,-134772.31588497173,0.0,0.0,0.0,0.0
233,0.0,61860.738081458956,8089.465583801652,249753.50781894865,-137914.1610389881,0.0,0.0,0.0,0.0
234,0.0,63603.335349160756,7793.507413481173,252285.16664873867,-140494.86489960554,0.0,0.0,0.0,0.0
235,0.0,64623.54708759175,7259.902031100677,254176.04350143188,-140405.48601049418,0.0,0.0,0.0,0.0
236,0.0,63695.29912355335,8591.326787275075,255978.47788032642,-141781.20918360914,0.0,0.0,0.0,0.0
237,0.0,63317.48715724909,9524.26651202975,256661.5597575402,-140090.98212003312,0.0,0.0,0.0,0.0
238,0.0,62132.87151726334,10750.790929108618,257449.2306323678,-140286.98584666938,0.0,0.0,0.0,0.0
239,0.0,61108.9583944134,11100.000071580353,259241.55761952605,-138806.3310034033,0.0,0.0,0.0,0.0
240,0.0,61119.887299927315,10583.189723342708,261065.53927319337,-139607.86046897105,0.0,0.0,0.0,0.0
241,0.0,61875.5234945716,10039.67698151577,263371.62271571794,-141478.86935796935,0.0,0.0,0.0,0.0
242,0.0,63401.94061569003,9156.727732215244,265501.6837355428,-143654.39683623743,0.0,0.0,0.0,0.0
243,0.0,63955.89034827155,9032.250444679205,268026.8846393716,-145036.68212260623,0.0,0.0,0.0,0.0
244,0.0,64787.31311084828,8570.827613626656,267635.71234381973,-143806.08418435397,0.0,0.0,0.0,0.0
245,0.0,62871.04937595799,9930.185246439532,268766.34073476697,-143622.27563800316,0.0,0.0,0.0,0.0
246,0.0,64096.72717191057,9931.852053808665,269064.9639977508,-144205.58636745875,0.0,0.0,0.0,0.0
247,0.0,63614.277285726304,9498.433188180818,269267.8902814343,-143163.29833531647,0.0,0.0,0.0,0.0
248,0.0,63571.06550809319,8990.927167972739,270662.1088696719,-141490.61759285402,0.0,0.0,0.0,0.0
249,0.0,66560.30717432196,7166.275177208307,270946.702680631,-141783.27362764324,0.0,0.0,0.0,0.0
250,0.0,67746.14334559639,5878.121115643493,271726.15271320625,-142142.55399070078,0.0,0.0,0.0,0.0
251,0.0,67272.84658756215,5719.6985843583325,272433.95827094116,-144943.22240349354,0.0,0.0,0.0,0.0
252,0.0,69791.96750395159,6947.0875113794045,273822.6692967534,-149205.6357753681,0.0,0.0,0.0,0.0
253,0.0,68515.24800209833,7324.93949751757,275140.98981373536,-148429.0624404924,0.0,0.0,0.0,0.0
254,0.0,69122.29518352191,8052.499170731169,276108.8008597953,-150255.33719911522,0.0,0.0,0.0,0.0
255,0.0,67480.8908275416,7907.054543160764,277477.72131604963,-148422.62151131473,0.0,0.0,0.0,0.0
256,0.0,67635.53984422809,8244.70337664258,278814.09717264376,-149100.03554116606,0.0,0.0,0.0,0.0
257,0.0,70003.7097676861,7545.672821474016,279173.2238544291,-149669.54561141864,0.0,0.0,0.0,0.0
258,0.0,71274.00430422444,7524.006558973017,280495.19769252895,-151391.10811882716,0.0,0.0,0.0,0.0
259,0.0,73087.02318126564,8963.248406304063,282082.7080382025,-154742.17151926065,0.0,0.0,0.0,0.0
260,0.0,71139.04496595293,9833.003065839777,283561.7734374834,-153506.50037017642,0.0,0.0,0.0,0.0
261,0.0,66190.44113240973,13655.244022713534,285695.9864037859,-152640.71213285965,0.0,0.0,0.0,0.0
262,0.0,70410.58766750741,10710.705286367769,286374.8993102586,-153702.12716440685,0.0,0.0,0.0,0.0
263,0.0,66773.72158759652,12696.47370437834,289074.20580175775,-154217.67108167085,0.0,0.0,0.0,0.0
264,0.0,68260.36098375358,11107.100139415468,288370.5688192219,-153174.19178998182,0.0,0.0,0.0,0.0
265,0.0,67341.90315067448,10444.216274059108,290239.51283008803,-153263.6309045112,0.0,0.0,0.0,0.0
266,0.0,68545.36173744538,9723.985855399613,291303.944087177,-154435.2243585745,0.0,0.0,0.0,0.0
267,0.0,68767.997110724,9647.258124147267,292025.7178608965,-154309.86229832692,0.0,0.0,0.0,0.0
268,0.0,70504.61457849223,9111.903177796801,293976.8016003467,-156360.18464418114,0.0,0.0,0.0,0.0
269,0.0,70010.05768524086,8560.947007313089,294844.56772336585,-155075.2135016966,0.0,0.0,0.0,0.0
270,0.0,72197.49935482886,8188.59767479253,295934.59254415124,-157681.32964032821,0.0,0.0,0.0,0.0
271,0.0,73783.18000685338,8531.28135810906,296762.57856856973,-159074.04193121463,0.0,0.0,0.0,0.0
272,0.0,74352.0211809563,8678.12798849703,298086.78699631983,-159986.98708873647,0.0,0.0,0.0,0.0
273,0.0,72402.82503973847,8247.246399105496,299658.621036349,-160765.01158254198,0.0,0.0,0.0,0.0
274,0.0,73238.96338979043,9652.595996501872,301353.5690310441,-164169.33942922708,0.0,0.0,0.0,0.0
275,0.0,74145.32264711283,9401.27913606416,302871.28564601275,-165114.63352741796,0.0,0.0,0.0,0.0
276,0.0,72928.78364663996,9859.993528217772,305168.38045828574,-165408.3912303447,0.0,0.0,0.0,0.0
277,0.0,72625.19125506798,10318.785490865415,305691.3161770831,-164724.62664925252,0.0,0.0,0.0,0.0
278,0.0,71866.21249432121,10573.946113439413,307425.151841176,-164906.3312234001,0.0,0.0,0.0,0.0
279,0.0,73650.36833982568,10234.084605935894,309653.7421671511,-167319.31289350067,0.0,0.0,0.0,0.0
280,0.0,74252.44076883003,9998.22187026774,312392.86151101266,-169615.15175104004,0.0,0.0,0.0,0.0
281,0.0,75099.96716211436,9437.179888466217,315412.1802322069,-170948.16979047807,0.0,0.0,0.0,0.0
282,0.0,76541.4603708783,9123.271727754789,316818.4752823412,-173034.94570290198,0.0,0.0,0.0,0.0
283,0.0,76904.32484189703,8922.667851895785,320554.63604231126,-176330.57553480475,0.0,0.0,0.0,0.0
284,0.0,78687.6745206274,8141.709735397349,320520.9945662057,-175245.79399762143,0.0,0.0,0.0,0.0
285,0.0,78902.92251259004,9347.397857537058,323439.8005370048,-178999.83605001346,0.0,0.0,0.0,0.0
286,0.0,81415.94343584726,9428.926076952204,324624.06179607706,-181674.8036138077,0.0,0.0,0.0,0.0
287,0.0,81114.68220103807,9751.76817849039,326511.1351940244,-182158.95854547565,0.0,0.0,0.0,0.0
288,0.0,81154.51948301506,10432.240173242652,329092.7162212342,-184791.48806326103,0.0,0.0,0.0,0.0
289,0.0,79690.17066917449,10964.491757340882,331220.3175690171,-184150.1455051438,0.0,0.0,0.0,0.0
290,0.0,79617.3574234695,11261.782259032194,333061.60883674654,-184621.30146821128,0.0,0.0,0.0,0.0
291,0.0,78584.86730671006,11624.770068572489,335599.3778574146,-184975.21759375776,0.0,0.0,0.0,0.0
292,0.0,80366.29168564444,12044.025212437668,337692.6731329886,-186774.19718745822,0.0,0.0,0.0,0.0
293,0.0,80714.49600159419,11524.29842308113,340005.2384281907,-187934.17709475558,0.0,0.0,0.0,0.0
294,0.0,81524.03915625827,11683.223358193438,342699.53004760685,-189895.32307185052,0.0,0.0,0.0,0.0
295,0.0,81857.22676758168,11786.93777949089,345300.5442512158,-190619.72600715977,0.0,0.0,0.0,0.0
296,0.0,82458.3369495203,11058.898838725601,349105.7161462017,-192131.21833666155,0.0,0.0,0.0,0.0
297,0.0,77752.16980290956,11094.64641248501,350423.15105882654,-192529.75781049658,0.0,0.0,0.0,0.0
298,0.0,80052.27179966989,13723.266945829006,353458.4636848827,-198440.56427307986,0.0,0.0,0.0,0.0
299,0.0,80229.41638355865,14479.58606498817,355384.16394038266,-200055.5360442145,0.0,0.0,0.0,0.0
300,0.0,78252.15798414132,14729.1011767788,358126.951806636,-200336.60931692098,0.0,0.0,0.0,0.0
301,0.0,79183.77076409562,14633.292341362367,361442.65608852776,-203781.94883566417,0.0,0.0,0.0,0.0
302,0.0,78945.76914172228,13672.774255064878,363005.4281772317,-200939.91267186747,0.0,0.0,0.0,0.0
303,0.0,78793.91988077981,13762.406727331141,366334.18764703,-203437.38312682457,0.0,0.0,0.0,0.0
304,0.0,79614.76297158457,12706.608810543303,366009.8121315023,-202058.79440629252,0.0,0.0,0.0,0.0
305,0.0,82553.1627132672,12051.249702481105,368396.8307347991,-205648.8078369237,0.0,0.0,0.0,0.0
306,0.0,86090.8956341556,10203.045189969871,368300.7502819021,-204688.44676289702,0.0,0.0,0.0,0.0
307,0.0,86341.75849155866,9987.155327594288,370237.5465591426,-205491.38630296467,0.0,0.0,0.0,0.0
308,0.0,89086.72339973813,9148.14947308544,371740.6018542416,-206379.47173677562,0.0,0.0,0.0,0.0
309,0.0,80638.87177924116,8834.926815105033,373410.8810572027,-203619.64478703606,0.0,0.0,0.0,0.0
310,0.0,81436.62685809458,14460.818626458464,374772.6288044592,-210669.65151568907,0.0,0.0,0.0,0.0
311,0.0,82124.34911686885,13602.029339498386,373603.8184636892,-205493.27030197272,0.0,0.0,0.0,0.0
312,0.0,80329.17918863066,14209.56672701345,373434.13556646026,-204068.52450877,0.0,0.0,0.0,0.0
313,0.0,82430.77553816859,13705.19117259126,373419.75035798847,-203995.20364864345,0.0,0.0,0.0,0.0
314,0.0,82943.05983024108,13016.40641024514,373585.1489659529,-203571.91230811743,0.0,0.0,0.0,0.0
315,0.0,82004.50412161763,12016.482221008002,374547.3345846804,-201828.78144967993,0.0,0.0,0.0,0.0
316,0.0,86352.56997219796,9733.667742696507,376140.3854255258,-204711.47955760406,0.0,0.0,0.0,0.0
317,0.0,87525.15976942788,8434.5850840961,376784.02765005047,-204168.9944549571,0.0,0.0,0.0,0.0
318,0.0,90275.32781924374,8075.962462520098,378435.7318135933,-206939.40529140332,0.0,0.0,0.0,0.0
319,0.0,91149.46812975418,8747.253456119028,379004.54543512064,-206325.78502097644,0.0,0.0,0.0,0.0
320,0.0,91445.12680705103,9063.41270114896,380517.0325904128,-207143.02583379232,0.0,0.0,0.0,0.0
321,0.0,91777.55885906958,9700.112593517742,382010.67634030123,-205956.30601732034,0.0,0.0,0.0,0.0
322,0.0,91836.09999947321,10330.599951984404,382100.1353659856,-205762.80277823078,0.0,0.0,0.0,0.0
323,0.0,88877.07217821224,10773.339153673669,385090.07652406883,-203692.50213671123,0.0,0.0,0.0,0.0
324,0.0,87438.36433286256,12382.493157421995,384484.4778585721,-202529.66729516027,0.0,0.0,0.0,0.0
325,0.0,86063.2999939152,13632.569797677514,386515.0978615973,-203897.31307210826,0.0,0.0,0.0,0.0
326,0.0,88949.61027222515,13027.618113706569,385127.84690591495,-203764.25672912665,0.0,0.0,0.0,0.0
327,0.0,92011.02305901764,10249.824908112498,386600.42303685664,-203546.98724010977,0.0,0.0,0.0,0.0
328,0.0,90628.13805478561,12607.093794779954,389483.9144337632,-206307.07902952982,0.0,0.0,0.0,0.0
329,0.0,89443.21693669866,13583.339285832722,391001.63070357713,-207018.6854624466,0.0,0.0,0.0,0.0
330,0.0,86337.10608173745,15839.518533254013,392432.19835233805,-206907.2662689946,0.0,0.0,0.0,0.0
331,0.0,87996.36126814026,13361.135874485031,390226.3047687616,-203228.1411106127,0.0,0.0,0.0,0.0
332,0.0,89504.21417125806,12829.105864545629,390230.98497023265,-202249.55810792948,0.0,0.0,0.0,0.0
333,0.0,92937.21898515365,11748.36596621902,390959.18269127386,-203312.8542294274,0.0,0.0,0.0,0.0
334,0.0,95548.78144045344,10550.219224326636,392138.9689748702,-205531.05305581616,0.0,0.0,0.0,0.0
335,0.0,96177.39338410659,9517.827911174318,393256.97223793593,-203920.10713489415,0.0,0.0,0.0,0.0
336,0.0,98402.06055736444,9886.980758068545,393646.14425451116,-205643.07927582823,0.0,0.0,0.0,0.0
337,0.0,96131.89968761297,10196.869276072892,395212.5820437808,-203602.54116699524,0.0,0.0,0.0,0.0
338,0.0,97123.67213329586,9779.976597270777,398780.89271690446,-205839.2701921079,0.0,0.0,0.0,0.0
339,0.0,98754.09953392444,10118.24614262591,401058.1350358886,-207580.71545240466,0.0,0.0,0.0,0.0
340,0.0,97909.89927681557,11266.60824941875,404655.3523697284,-210418.458577449,0.0,0.0,0.0,0.0
341,0.0,100089.02619124601,11806.491927877018,407757.08243001724,-214742.93962665202,0.0,0.0,0.0,0.0
342,0.0,100931.51563403633,11822.755592186899,409344.37979227083,-216924.6345828236,0.0,0.0,0.0,0.0
343,0.0,98792.38018128717,12070.542187878402,413043.54068852763,-217202.11618683275,0.0,0.0,0.0,0.0
344,0.0,99582.98633599153,12717.636131613002,413367.3422170494,-217850.5349705912,0.0,0.0,0.0,0.0
345,0.0,102490.7219488183,12688.268932039155,416327.48020422243,-222724.27566306983,0.0,0.0,0.0,0.0
346,0.0,103351.11805108683,12988.445426811239,417146.3506172779,-223673.9131299234,0.0,0.0,0.0,0.0
347,0.0,103481.66361910771,12874.198826566753,420260.549414045,-225109.06143826907,0.0,0.0,0.0,0.0
348,0.0,104033.56980000486,13151.902954716936,424259.2351980931,-228166.9041257211,0.0,0.0,0.0,0.0
349,0.0,101983.51454486382,13045.08444612475,428678.2792456513,-227138.3867128556,0.0,0.0,0.0,0.0
350,0.0,103377.48695868516,12617.166463808659,433355.8200863131,-231669.45024390964,0.0,0.0,0.0,0.0
351,0.0,102677.01580143254,12649.510621884961,433778.80002984236,-232243.77184576145,0.0,0.0,0.0,0.0
352,0.0,101905.07955381389,15603.671744193145,437038.1397182049,-234943.75762281773,0.0,0.0,0.0,0.0
353,0.0,103904.27885812166,15257.690374503587,439085.55032186286,-236762.35933169143,0.0,0.0,0.0,0.0
354,0.0,102774.13289556715,15496.35445022074,443041.9363399872,-237535.25521037754,0.0,0.0,0.0,0.0
355,0.0,103155.71921401328,15575.598319100684,445938.2567502507,-238941.55801581295,0.0,0.0,0.0,0.0
356,0.0,102400.19691597535,15939.244737224182,449233.48376791057,-240291.06710743278,0.0,0.0,0.0,0.0
357,0.0,104013.00622840774,15326.5579169522,452105.5951072467,-242355.67049424272,0.0,0.0,0.0,0.0
358,0.0,103819.16829870809,15132.407923916562,457186.38588878955,-241804.46179495475,0.0,0.0,0.0,0.0
359,0.0,105454.72523345222,15244.297622859618,461889.74093909154,-246597.27999517406,0.0,0.0,0.0,0.0
360,0.0,109035.98898792494,14094.607970750238,466040.4954370473,-252634.4654846079,0.0,0.0,0.0,0.0
361,0.0,108736.576039039,14420.128468699248,470205.8915022633,-251890.49398732898,0.0,0.0,0.0,0.0
362,0.0,110840.94363374854,15751.859704164035,472081.46466672316,-255550.47880844076,0.0,0.0,0.0,0.0
363,0.0,109023.11675659478,15838.668143084138,477369.1348766347,-258024.0658527228,0.0,0.0,0.0,0.0
364,0.0,104184.26005986685,15001.006868748951,478871.95017770084,-257420.3855317503,0.0,0.0,0.0,0.0
365,0.0,105964.07389936432,19206.979980335684,483304.9256240717,-265368.5835960541,0.0,0.0,0.0,0.0
366,0.0,108157.42785030577,18160.022209850704,483530.5080294187,-263736.3570407833,0.0,0.0,0.0,0.0
367,0.0,103480.6190591995,18813.026283695548,486985.3429595531,-265316.14966209506,0.0,0.0,0.0,0.0
368,0.0,108561.37384542856,20251.395056420377,487265.4488335372,-268957.175607793,0.0,0.0,0.0,0.0
369,0.0,101280.40190162862,20263.01159744041,489399.8412834107,-263796.35990770184,0.0,0.0,0.0,0.0
370,0.0,98364.20662400806,22842.42971996997,493008.6628828132,-263661.0934538953,0.0,0.0,0.0,0.0
371,0.0,103804.94785575851,19729.145465557627,489794.4374142871,-260066.28034981215,0.0,0.0,0.0,0.0
372,0.0,102948.09798772368,19673.032951353664,491293.8509605797,-258675.10510746075,0.0,0.0,0.0,0.0
373,0.0,107703.21192637566,17129.66196901067,490084.4424867697,-247759.58211061312,0.0,0.0,0.0,0.0
374,0.0,107201.25782391315,17946.92039262302,490599.2305348609,-243378.47844810138,0.0,0.0,0.0,0.0
375,0.0,108813.1495188127,18527.98775495482,487740.12953757605,-241816.12831215042,0.0,0.0,0.0,0.0
376,0.0,107314.25839485851,19687.95669899011,488661.3062879491,-242014.73987209046,0.0,0.0,0.0,0.0
377,0.0,105646.2179465173,19325.639173380125,489329.4051404814,-239794.41632032045,0.0,0.0,0.0,0.0
378,0.0,108701.85081278974,18031.28470605273,491037.36075664795,-242074.35966474155,0.0,0.0,0.0,0.0
379,0.0,110980.68887635623,15230.399867560895,493235.0174117592,-244814.22877679084,0.0,0.0,0.0,0.0
380,0.0,115139.77527477007,13828.60908159728,494501.5131656413,-248744.33490864685,0.0,0.0,0.0,0.0
381,0.0,115764.88812708166,12328.081561928104,497572.7230697263,-251733.0460901359,0.0,0.0,0.0,0.0
382,0.0,117701.30406498355,11201.25980172585,497962.18199335545,-253068.51309435835,0.0,0.0,0.0,0.0
383,0.0,119115.5694325621,10644.400486663326,500106.9626048931,-255621.2215974102,0.0,0.0,0.0,0.0
384,0.0,118816.93336107284,10574.12005351696,500802.971087311,-254558.96048739128,0.0,0.0,0.0,0.0
385,0.0,121477.39864293381,10312.590704692248,503894.0158657491,-259614.45557887087,0.0,0.0,0.0,0.0
386,0.0,122977.81931195798,9601.79155345251,503294.2493566662,-255719.98704386124,0.0,0.0,0.0,0.0
387,0.0,125294.01081838421,10180.279170959266,506165.73999188043,-260766.8994782475,0.0,0.0,0.0,0.0
388,0.0,128069.39495339706,9177.290403020084,505983.37768253,-259641.35087480076,0.0,0.0,0.0,0.0
389,0.0,126743.35327775842,9739.66980600749,508097.8624042762,-259248.6697395432,0.0,0.0,0.0,0.0
390,0.0,127951.32042123277,8952.62927110905,512303.16642664553,-263828.2935575144,0.0,0.0,0.0,0.0
391,0.0,132603.55542635443,8945.528839394683,511702.59445759805,-264437.3127610502,0.0,0.0,0.0,0.0
392,0.0,132314.84124866236,11239.921644480364,516759.9656192982,-267039.02751433273,0.0,0.0,0.0,0.0
393,0.0,133971.6198663177,12566.8426063373,513922.8881906989,-265109.57715708745,0.0,0.0,0.0,0.0
394,0.0,127504.9831644195,14981.741973299675,517122.5208427641,-263535.4780024035,0.0,0.0,0.0,0.0
395,0.0,128151.41983730614,15314.85494540349,516195.18883318256,-261783.3155551548,0.0,0.0,0.0,0.0
396,0.0,125539.12070303317,16328.97031421945,521733.43339886755,-264391.07993815566,0.0,0.0,0.0,0.0
397,0.0,125663.1851518279,16350.880106806242,526101.7314237134,-266644.50409681903,0.0,0.0,0.0,0.0
398,0.0,127369.96267347703,16130.068590388866,532722.3104694855,-272902.4949160811,0.0,0.0,0.0,0.0
399,0.0,127483.05596225375,16454.767948756602,540159.2702383549,-276231.1153805925,0.0,0.0,0.0,0.0
400,0.0,120955.96382903305,16521.213895388177,543600.1626609992,-281529.4730740475,0.0,0.0,0.0,0.0
