1,5353.643569675816,5353.742266367276,5353.773464445126,5304.27902642884,5456.552146194642,5353.756301662528,5353.744479534175,5349.825590554592,5304.3498476411405,5353.763573180843
2,5402.5703279091285,5331.180006025026,5406.371199889492,5342.338892876912,5603.070704027182,5374.010339895981,5343.961915935426,5375.98309201019,5319.799336149273,5388.873774152594
3,5312.076853441221,5328.580697195313,5142.089446472212,5304.71040142347,5421.724222609799,5327.96285196217,5147.356323457552,5328.337929078895,5485.970099261369,5229.158359864839
4,4820.197780469711,4831.077306461482,4644.701940745039,4878.165538296207,4944.313599517379,4833.935750585935,4661.469914775423,4824.281976029023,4996.209986536066,4711.3093980682
5,4342.855039837157,4353.364947400626,4176.605164124789,4398.321146133579,4459.792327729682,4562.151297111215,4192.4939082617175,4355.154596149209,4509.877781639981,4265.975219487729
6,3939.261205059832,4312.60867676534,3795.6351072425746,4242.799766777131,4246.120148932964,5324.801277125787,3735.203628214138,4097.119094969439,4109.764922812104,4231.542403198456
7,3563.666593025106,3983.8115752600065,3426.776049276983,3955.248620950042,3810.0636347879313,4912.782100380715,3316.56134785448,3720.564151843949,3671.1572403192044,3908.700739884084
8,3257.470885030014,4676.371134454102,3335.5601535307246,4378.992486119528,5081.8516571808705,4716.6755675542845,3041.962572367258,4061.6525685640254,3375.6380403852318,3728.3726099909773
9,3018.541338626793,5068.131248295492,3354.917442688381,4745.844548886851,5788.746316922497,4372.541742593014,3143.5678710402954,4160.485920806688,3169.3439635373006,3800.0376068065384
10,2767.4790273976314,5200.489600084477,3629.5280378706166,4795.311935516868,6240.22744844573,4044.4304969500336,3565.0244719451484,4206.392522711371,2899.398821144488,3882.944636799077
11,2487.475671557319,5090.916429670701,3977.9628871792443,4677.224415563595,6477.913424134381,3789.7583159945075,3950.87728962768,4120.7383032969265,2874.409639212291,3964.982629792582
12,2228.757074326831,5168.0046366906,4103.861583863938,4547.322741685396,6711.488019837796,3611.510310755353,4255.01456344253,3960.3013702233584,2998.8087997604134,3964.952612581066
13,2032.2156561352506,5081.555192874542,4251.594105871262,4440.947493911264,6812.865523710176,3412.340732063396,4496.588748100001,3850.6941718340754,3118.488202422155,4063.36890622182
14,1978.0549038226516,4904.293686541635,4288.032303730967,4521.921016420343,6880.025063122891,3213.185010520899,4815.002804343136,3712.571428653504,3198.8765693867585,4079.47012505228
15,1986.9438522709688,4736.651506934649,4304.569701966256,4620.014875395869,6981.949693285189,3182.389493021369,4842.574256466145,3537.2545639123027,3358.0535676241448,3950.138844863295
16,2263.4316202431646,4443.01741023405,4301.265844714799,4788.335280055417,7076.126208861955,3109.9724969317513,4831.198535369815,3366.236370839138,3306.720946696235,3772.640754055857
17,2751.158981338671,4299.223489158793,4288.634427704866,4829.61902077316,6792.047787455926,2988.031250539858,4791.836368895505,3220.102116451391,3214.4431815066487,3614.073909018556
18,3290.217383783184,4187.435414595122,4332.66345088221,4925.114966958515,6535.643020362938,2841.3741525566247,4743.659557470587,3102.4832145154687,3221.171833107198,3409.1971502176307
19,3664.152775900084,4237.719975028079,4240.589516198937,5144.81190062709,6215.378765122672,2736.3241747685065,4725.656227957748,3067.7384745825966,3043.703577866441,3226.8118207501648
20,4134.102347657926,4123.910360065633,4192.131926466583,5789.215231879238,5848.488521764738,3077.7482001610706,4593.947442326076,3067.9988088620316,2821.8426857446734,2964.906200072638
21,4525.618990692912,4263.290353587703,4151.932382062773,6219.190684859639,5468.629386723617,3342.572744063014,4500.385617309804,3341.39958634266,2711.1135161228335,2902.0477597252184
22,4562.595882140065,4500.153257032981,3984.9980443401882,6627.096306210435,5074.779781486716,3517.500550443638,4384.257982548,3616.1028963532544,2554.73060073962,2815.096449917819
23,4801.900772851735,4737.84886712715,3969.49707871803,6757.9649231760895,4733.81976420199,3990.6236234729167,4265.51175733418,3792.1775741119072,2409.0027155591,2667.078026210222
24,5001.306729234407,4715.8312491704955,3912.400068878074,6650.491686342461,4284.315053276371,4151.772756448171,4208.699770746063,4010.7553229053647,2440.429415037103,2876.653448059666
25,5013.609287709197,4682.872965105985,3870.7463871509954,6550.855024877093,3844.066868640791,4292.40290691721,3899.775457520415,3973.6840778773935,2428.343807450716,2827.896462735046
26,5053.633069318745,4612.993395585758,3921.838823906187,6525.25290650964,3425.094116006258,4511.587483768956,4050.886644798668,3867.7706507784424,2475.4887598127316,2716.2330829110247
27,5131.0285249325425,4466.683304720175,3792.854504001667,6365.709287770047,3007.946004047692,4637.211706591977,3837.7336774685623,3808.6540909850687,2570.6655706708293,2665.744202534063
28,5114.995678626474,4332.584883607001,3567.9135977851784,6243.615190963802,2611.095197656959,4714.5818096885005,3710.658522535835,3716.406900223485,2620.9987473711158,2715.047732850634
29,5149.314379629475,4299.587812097902,3535.169592526497,6091.824327769178,2322.320602320681,4610.526834765249,3632.45276792113,3712.3977392035035,2760.2029901173296,2826.9499029969975
30,5020.186623185174,4132.929816692529,3592.5211775996995,5935.1442137348595,2312.0621815562713,4672.437642649094,3590.578376934738,3750.1158079511974,3023.463539490017,3038.9342143129297
31,4778.193837776782,4046.043284813281,3761.450685315522,5870.089116958379,2374.6399633838187,4586.71199884504,3676.0651860488665,3740.7751231961324,3132.1650709950177,3139.928409431515
32,4543.643506820617,3927.22762600457,3920.9082817435374,5799.852030770057,2412.8363535701933,4411.6943061022785,3755.4726959709633,3837.3566503596217,3264.5456741927387,3410.832872801331
33,4372.530182962519,3893.0877183767548,4294.944052818404,5700.962186084732,2430.399426861509,4277.313427049155,3734.481173799821,3927.8701506267066,3361.6231562783873,3464.189024003864
34,4087.8101517890727,4004.665773849995,4815.36477851568,5532.644346899035,2577.2029289679954,4123.553428955831,3755.5625559448035,4061.248996746251,3441.4875733350577,3603.9979879021794
35,3865.399364490293,4049.0847910137886,5104.8270356551275,5311.130612269871,2751.1790911977077,3971.888791762439,4037.2789128118006,4095.058877803825,3610.5878177199656,3707.4386213062417
36,3580.910820126055,4119.415714863609,5336.479061586438,5189.850880390026,2947.030679801267,3792.0917088924894,4180.919744845147,4103.07680228692,3687.960315469517,3861.032489840848
37,3431.164856110069,4286.914660719619,5592.680678081575,5001.863618240526,3204.4056978347317,3558.7390437665226,4660.3451731122495,4008.093251210243,3581.2537439029547,3882.6517695986595
38,3317.6643317035378,4454.244454020343,5777.3688123912425,4818.6943593832175,3479.2766808128586,3370.2880953764957,5080.054870949365,3922.5140048427875,3579.259635189272,3930.492454941943
39,3433.498714894652,4554.268810778942,5857.3435865969495,4668.731269520618,3694.371790643513,3184.8467064483293,5540.90878564102,3741.517748638862,3527.7464617743517,4013.607937897662
40,4037.1045716312947,4620.648489330428,6021.485408007269,4425.95446013577,3770.353667331793,2996.2621699956144,6179.292677152225,3575.6228100675094,3392.2005356719474,4048.09378326895
41,4740.284355488004,4555.539063355669,6164.94444326659,4275.791014669947,3863.951568665331,2852.915395382669,6462.54110925015,3483.556464579469,3273.736648925051,4116.198571734342
42,5605.048917339956,4575.060044739763,6400.735429388291,4227.548589368578,3911.494136113609,2689.68905041002,6706.588125412458,3476.098639786824,3118.2219283829045,3986.8493785361366
43,6323.8231905251405,4588.467115713958,6544.906179152495,4332.707864548886,3994.8202034343226,2547.5907937245775,6929.058707161023,3553.7404956965206,2967.9986316096742,3991.928031652823
44,6722.474644184909,4538.54042506552,6408.8355318929625,4471.01080245598,4035.7791055535226,2385.48704984563,7003.418152663247,3700.5763726702085,2850.4982519256614,3836.8331224083727
45,6819.834021394603,4490.257834420779,6249.912825834685,4516.547289029213,3974.244424997102,2299.5046128391073,6934.916750668378,3602.213485805199,2834.8427721050707,3665.4777858802495
46,6827.453772093241,4681.667574225473,5990.627868915877,4573.311270043666,3963.870852397527,2220.824717943873,6671.568856698104,3575.8847835206816,2964.9849481480437,3503.933267066561
47,6969.282600426716,5171.7695648054105,5764.954723985184,4885.417332645019,3954.5768990265597,2211.331001766327,6448.9024145177245,3762.047154137683,3134.501491776289,3418.1103531551157
48,7071.737495822438,5960.87960829441,5590.990876936246,4999.576431152011,3826.3816242898215,2393.03243586072,6129.926660612906,3737.3373388570253,3499.2963937484024,3200.6968934627243
49,7226.522041013372,6670.102717269119,5372.969915933123,5300.532269163905,3642.587984043749,2666.3729105893303,5792.976187620907,3969.835551925065,3616.9520521067557,3183.3652773551657
50,7280.260967937788,7313.846092088283,5065.7094499183495,5747.9785439754305,3655.962170203273,3066.8568751064076,5499.456846232814,4088.697083841474,3663.1998027606483,3073.4548291218503
51,7131.9018319608085,7818.788453444831,4895.259813070108,6329.06631613978,3780.730390162189,3215.8601989957365,5134.698198796427,4122.401083132367,3577.955376639779,3120.3903919035006
52,6776.523914492519,8235.668979813949,4992.6822902999065,6592.350978881799,4013.525050285893,3381.028757411817,4731.40208171787,4047.263514085389,3925.5259285199463,3177.8409198857853
53,6457.606791029226,8447.850636852407,5184.69527539372,6832.245095752436,4175.266136132127,3755.870358693341,4640.303479646956,4272.065669302449,4042.1316519881643,3239.224331898397
54,6131.673298886664,8487.710184441563,5388.844767438873,6912.143384636801,4371.517949010622,4158.689817101642,4438.944111163881,4341.015650718789,4364.6390288329785,3295.6110315208366
55,5780.312010034147,8639.652282202878,5261.771774352971,6953.261552719164,4717.635126598644,4888.349624172434,4393.377294405869,4494.511816619604,4697.407210782772,3167.3774354410557
56,5396.733296980159,8663.928638147121,5427.113406842247,7136.454702213857,4937.1963390317605,5608.577156001739,4404.545179124891,4527.4716899627265,4904.500637635451,3137.2683345513205
57,5157.00470488156,8664.976001048692,5690.277274964752,7157.936279349085,5149.931787060604,6392.997079174985,4477.556976276776,4644.441921181701,5237.1694095906205,3157.287313230875
58,5146.321224103889,8496.933296745421,5852.092514390861,7157.225702463351,5373.4518336026385,7144.09915956279,4700.087184804217,4752.879606699172,5371.33551930804,3287.8054210971786
59,5116.81403435695,8554.874409980906,6214.558429424809,7100.162507568299,5346.225615153746,7769.609705246228,5162.787073062863,4926.3953033429525,5427.488270833048,3390.3170224211854
60,5338.946436878822,8396.731011737691,6701.146368959115,7161.156434693375,5292.459851022174,8256.092142622694,5599.813649587844,4825.974766471758,5441.785650650853,3677.999585788209
61,5499.291012228338,8239.285169694993,6998.548752768592,7178.050443302006,5165.414292477259,8459.324973553626,6187.827599476552,4936.807800395597,5443.984474952398,4221.812077319345
62,5975.282004682029,8104.322072973929,7088.818083091263,7466.241253702572,5052.106039481696,8532.156400422879,6757.163640262208,5201.406486261004,5196.944342525382,4698.273889866034
63,6369.226186136468,8137.339038590693,6948.763298139557,7762.902009943103,4763.0864590494675,8624.580241759628,7058.097649058166,5719.110189917489,4897.344647496524,5622.783933813406
64,6370.681028539487,7947.152957992481,6588.7726614861185,7836.483994415489,4690.463705859974,8168.280866770582,7361.862993909628,5666.591932540391,4531.031273486045,5912.647045935606
65,6441.063912366503,7747.79204929639,6383.156210350743,7845.326287941038,4737.906283359844,7670.94129688482,7706.391250860559,5736.2716938744015,4222.73982066841,6108.75525930698
66,6585.045344028645,7556.931621543493,6221.869048543049,7929.326636386338,4908.670052806,7115.618134642121,8344.505937467628,5729.524445104348,3886.229369279122,6279.0643413994385
67,6730.2624748077205,7404.288447456002,6420.63130640907,8212.858770337947,5102.908837907507,6668.257310566374,9239.230946841946,5560.641968404826,3586.3322030291115,6406.1866509802485
68,6753.813550935029,7271.311474605849,6578.626370135207,8394.481280291195,5093.244558779838,6358.574231885214,10219.938713159052,5304.566728366703,3380.577945450239,5780.792047998847
69,6955.57890565471,6837.217066307663,6791.598035001198,8736.441519018625,5074.478954613633,5774.7016188977095,10667.51320199251,5269.090422651908,2993.8829266967805,5764.851160273023
70,6968.883327992525,7084.90150816861,6556.753410180951,8760.390688248512,5246.7794367192655,4743.695424355917,11004.402351458728,5460.007400766579,2914.133198149025,5568.604144208963
71,6813.227008707904,7529.612732739415,6691.022447302313,8611.078645326736,5512.283525792257,4471.774709719869,10952.98184535187,5720.749659014606,3432.9594271940723,5637.294822277356
72,6903.915215749062,8011.710827265616,6823.74942786254,8619.064693428905,5496.167376681391,3848.773879736355,10209.659988956813,5778.930756762846,4258.16944922593,5596.144475432177
73,6568.736753320693,7697.689760639554,6746.503956490578,8259.535796130254,5383.88561195677,3644.081713874624,9883.748785913102,6193.929608545646,4793.417839553938,6053.665740306893
74,6901.572562072988,7768.725606788604,6472.125778422617,8207.464081073345,5423.171677188456,3753.850534395925,8964.14380524243,6800.398864605039,5154.513622750375,5772.015994402635
75,7197.928222801731,7350.626391927424,6394.921363981131,8149.623022384668,5547.079367882069,3882.527042815865,8189.6495722903755,7551.688101586025,5174.013059512819,5397.567759226708
76,7453.591637697463,7868.779599289858,6478.998002580055,7695.007961942887,5851.748756389934,3784.3763007005405,7648.824693644222,7670.348116115843,5327.445660080469,4820.338106045665
77,7861.686677430309,8295.956935353071,6205.697563843915,7260.226336795601,6071.848130785288,4322.810001443554,7371.878064783623,7901.602089183623,5381.124462743529,4687.358934126358
78,7759.328303422972,8699.389985800713,6268.815116233983,6814.372146198793,6202.960788891703,4513.470325458945,7268.542066759861,8254.643597095259,5574.737688541247,4404.158061672349
79,7715.287776278177,8881.753291615632,6464.863290075552,6407.02918565599,6769.994596055373,5083.42895946222,6956.7826293786,8240.088456812551,5708.785686660596,4432.801519971902
80,7747.23451501027,9186.602949895863,6327.448570739196,7177.584843514183,6867.070773985191,6072.095554577134,6619.221505881526,8077.253279468339,5696.828323349867,5346.40727967303
81,7998.905566744718,9102.24075590317,6035.526938892722,7608.62693568597,6628.112566381687,7052.636972455418,6493.114227856504,7602.589572349079,5097.997403251432,5761.212634731498
82,8262.574160763146,9227.3872875439,6182.026088209033,7587.753389961182,6341.217084544597,7749.940924606819,6520.011295613783,7262.517246374434,5034.405044080874,6472.924217804955
83,8069.154250935727,9077.303922942288,6088.170074142367,7915.345975639821,6046.136567472662,8243.175341792827,6652.850651083869,6894.740932883713,5097.520326703137,6564.318482018149
84,7671.2132759805145,8565.60965148471,6111.382690864483,7670.879201038395,5952.711284560776,8362.340246183243,6761.119282230462,6657.371384061511,5271.550682630709,6750.925307698789
85,7153.66473881444,8132.497539295977,6086.373333980507,7230.13778848689,5679.833167526025,8471.378667658479,6611.522152828612,6207.6104053230065,5648.2562410849605,7082.495616140823
86,6711.026672065309,8146.8095709273275,5984.159712450834,7054.967397686812,5618.491286258386,8404.01200218438,6890.603525413376,5931.171489318488,5646.92107413965,7030.192532135318
87,6322.607268454556,8073.386296320695,5903.439123933438,6616.802154951517,5578.5202532678495,8282.111429441653,7231.484876987306,5642.36650706417,5517.168176943309,7398.835003237087
88,6172.043664754992,8034.284280683087,5679.241833736072,6825.311013736738,5326.421659835173,8177.340917731281,7810.897084360136,5321.070781446442,5279.019729843947,7506.872905247934
89,5635.978593501962,7842.9478471758375,5951.5323778512,7146.760696107103,5067.112124782052,7978.943157169359,8864.69074050197,5037.377228752931,4843.601576768676,7834.162876691452
90,5541.284954413546,7832.244447794075,6778.587090801501,7243.688037896221,4813.954477179284,7976.917919540111,9172.86399449515,4773.392539982467,4384.143741690726,7468.436454724583
91,5509.52795163082,7552.604413397964,7717.450508233225,7379.412026255207,4472.323676010821,7789.998772689751,9281.356892024422,4873.046360415108,4198.1205140038255,7180.394892592776
92,5665.793771446257,7579.4355826979745,8322.065079697568,7711.015759906639,4065.179156655189,7436.228142967136,9104.258671409327,5138.219368515032,4040.323738786741,7229.052519898978
93,6039.804370387602,7237.134420754236,9070.512365094319,7777.143162503028,4112.510239026236,7130.212713921996,9183.783029013079,5096.910753904728,4207.6964318116825,7097.912636385479
94,6597.531103164574,7329.351204577036,9562.999824337154,7760.832876070883,4318.530797617882,6938.41470362845,9012.817943765169,4762.079356461906,4189.336777827073,6599.679603283456
95,7011.351020853423,7489.944488198844,10148.99541652123,7770.606830406389,4361.806509793632,6799.025697646657,8634.172552964537,4483.661211844246,4944.955492910274,6195.866160908525
96,7325.439435358507,7865.563676887223,10649.314612683043,7642.130756012457,4297.491387414735,6552.914053550935,8141.22321315719,4277.862591335357,5119.02548558427,5729.662357996936
97,7959.829426806638,8269.431339884464,10837.385709664874,7658.9102571740705,4464.0671368452595,6292.95289989859,7728.559755988967,4522.544391325214,5458.41336216914,5283.145194989099
98,8739.310672596392,8778.411204076801,11077.304541153519,7415.213940591095,4569.451077324645,5736.1176079701745,7500.612131664206,4409.841768674765,5375.990964993453,4978.308435122635
99,8954.951056430142,9024.322241899303,11545.897490200723,7275.547286834579,4728.0555093889525,5549.417449416195,7184.273490946418,5218.885442073213,5241.1332681566555,4494.047023550716
100,9229.171487363117,9129.743791773457,11747.555729823534,7048.064326158444,5015.564861515236,5700.673078370889,7372.390830030327,5949.272061981312,5077.536633741162,3993.893115601489
101,9659.880977381697,9380.713986386701,11681.88387730587,6993.124753297667,5632.580835880316,5863.387971692912,7297.717264738832,6631.493810532101,4948.543761392064,3554.4257504628376
102,9540.699445277145,9489.16630581046,11282.157003982556,7034.2714450634885,5822.833372310447,6044.763146900125,7714.967683742676,7519.550684303849,4694.136182893441,3325.326478439851
103,9204.542215792973,9194.681088720685,11080.550793179878,7625.806099874608,6196.90446722256,6097.340183711341,8524.590525618629,7842.950761442859,4946.685001386824,3174.5612721230577
104,8757.234910824776,8934.11666762706,10528.158260862632,7357.023099233919,6308.588103790197,6139.054741004044,8437.985851849266,8035.597291955023,4748.147554510255,2957.439329952655
105,8409.950849550087,8561.473192979205,10055.84235274503,7431.571633070269,6586.678645494932,6117.454774332223,8315.12629005746,8031.0834099125705,4436.421842402876,3043.073970465718
106,7934.813611283317,8221.818255108277,9375.32200183743,7771.297768925084,7014.950355871973,5985.561145993255,8199.083393764558,8532.78503958181,4660.158506359499,3027.374802968409
107,7449.722668517978,8101.0920257825765,8546.348319979425,7976.7410131282995,6788.106943506832,5451.61489941891,8154.417497363675,8589.271526496857,5441.555847999456,3957.6262383680933
108,7078.629598749092,8227.396217859738,7870.986659880564,8725.82704080893,6585.481055217696,5100.059508217153,8006.693598908716,8517.06501342305,6134.8693346308755,4318.578989010289
109,7008.821628973048,8393.050970634682,7421.193013129774,8968.423785578729,6858.210326789908,4874.326875886109,8028.840886823689,8186.312923779729,6864.911314894857,4578.182500827418
110,6784.489582361198,8450.424750502612,7331.544758638165,8725.829918020649,6593.886361605806,4640.032707020295,7978.195370355401,8554.868428825494,7363.871278595547,4977.720664326901
111,7087.716394127428,8380.75575195754,7000.851080714621,8291.637897599445,6166.0983675582565,4607.906532767858,7964.593436854489,9360.38609942174,7602.3865330152685,5976.859084075932
112,7240.211372991989,8460.621458571055,6547.319356958321,8418.457262919681,6346.012574813361,4796.868364594765,7901.96713112501,9177.089903174183,7501.20419628141,6626.031329724872
113,7495.711728487091,8435.846793457857,6489.696637808632,8259.559683285359,6846.6828679541395,5214.318137313737,7965.4900349041145,9087.214627228926,7270.836711144405,6731.01069775563
114,7246.721586899956,8210.938893988565,6521.881749330282,8354.887611290287,7204.753382565328,5479.411515281392,8726.133003145533,8690.218155149236,6961.641074230243,7026.04152511371
115,7213.365429049546,8284.878766950316,6452.375682767867,8314.405944991368,7021.950946866405,5932.465432044989,8734.569211434184,8498.798346714017,6727.534988571944,7322.317111358576
116,7007.415149197451,8202.091271340136,7195.412564971963,7972.424072433327,6974.715229831,6104.928716793921,8768.158807488333,8309.473197158854,6665.336169224668,7432.515773473957
117,6990.039896106998,9075.05275842403,7756.049343084571,7687.1083459529955,6883.59057171257,6132.201406102943,8810.457578377434,8144.844558105864,6782.911244112597,7140.383218866093
118,6830.8016615654005,9931.251062638663,8083.61212310146,7410.992388910131,6534.0014873429245,6909.013576350595,8947.530558003104,7972.642104596497,6809.836243976966,6998.325005593306
119,7523.549269077007,10887.777777616864,8955.64160334875,7417.20493638206,6038.368738509674,7383.429949448468,9510.208107263163,7917.147371667439,6367.520551951339,6790.167167203857
120,8525.243690899948,11658.340221168313,9119.263300342576,8067.664188050423,5912.013655940925,7858.771842603033,9628.546033626313,7914.6345524457865,6044.940271410708,6647.212449993522
121,8800.553546022633,11853.635481633431,9319.775760187542,8731.873489086403,5892.240920495308,8162.563264051913,9328.897614897936,7543.953895094453,5940.094114852577,6816.007300914321
122,8760.699901346054,11999.603564472456,10007.771298853557,9214.398295033543,6011.30426426416,8565.272720645009,9571.613434031207,7275.167148720013,6037.56846877505,7430.073528131693
123,8835.864913921563,11915.117205668053,10462.246771516091,9558.389190715796,6359.308467147903,8421.582930287277,9842.034881249372,7128.986165660224,6189.478534307187,7660.921985526314
124,8467.632129706128,11775.168356426935,10572.726699181889,9387.54554880615,6157.488350001459,8177.198702730115,9795.602696795431,6914.258977117908,6077.065528464397,7757.593262961958
125,7955.439815685805,11244.930303567577,10343.592021332619,9143.82743874396,6057.318260872918,7894.740551164151,9958.64220477586,6663.401945417953,6166.821981449897,7810.671117567546
126,7530.349003276756,10818.118845988216,9884.156260878974,8826.347256560082,6054.348584035459,7606.756046689072,9829.04122658479,6774.920064929329,6749.764509768926,8299.934348320934
127,7597.717877495356,10356.519446724202,9198.71626277622,8585.73822531854,6207.164972149028,7561.54415945916,9467.562115396691,6893.679245024992,7364.973372937985,8058.135212183886
128,7538.834589545009,10010.600281452542,8529.100761068847,8547.338157720722,6112.20564301874,7122.279330922767,9903.805802335206,6890.502641514238,8519.138718010621,8079.692585954236
129,7795.29482608684,9695.286519482688,8088.525080180089,8509.167239477254,6662.961306951744,6908.119759952591,9863.860679194077,6732.542845804323,9065.234848567354,8292.537680464178
130,8117.5216793973295,9528.805955314554,7981.413503306695,8546.960242157122,6856.823556754897,7247.109396430249,9969.655681646303,7424.346257763689,8932.404172908717,8343.689984801962
131,8104.8544778994055,9432.952357883965,7657.896158426829,8922.816552091583,7116.561532446683,7446.505171722367,9677.421036238577,7815.89805019595,8842.168447748558,8546.506580546544
132,8469.117885606807,8636.113578457212,7790.7634776835785,9495.700595152666,6867.442121462532,7522.851699662497,9159.421772482123,7899.087928768402,9050.010469826588,8915.710598432406
133,8597.43627815784,7775.077640238457,8408.538808558113,10020.426832134197,6558.973743316474,8036.2612011472775,8844.899908223866,7724.734058470812,9118.181613177208,8967.18141599509
134,9065.580243449158,7163.479622203665,8714.256842328388,10639.712601088653,6382.248271463801,8230.738632250323,8776.648288246994,7921.483721625835,8770.097658547927,8777.795345838476
135,9660.927502235192,6821.154822598669,8555.185823400814,10250.37799630587,6641.856258453893,8435.217770167512,8726.299574724257,7985.718758309111,8916.425670786002,8426.553221358245
136,9783.236611994253,7008.155247938629,9312.190397608278,10729.14968201115,7221.290486763888,8636.672980942736,8934.827715831865,8788.002608679391,8927.904955430202,8629.642824430523
137,9628.44738521277,6281.8041884299055,9461.714853228568,10788.006004492243,7237.239989254107,8665.111482237566,8928.666210827552,8979.09955296424,8407.044930430453,8429.537593717172
138,9400.053754741068,5953.017393290112,9212.190339089339,10378.894014283163,6776.7886613498185,8745.432297151023,8575.147561250624,9277.863130942655,8796.772694052706,8045.643569132416
139,9782.773073224134,6193.055359341953,9723.35967837745,9812.964929919961,6644.5636748204,8764.85361169024,8706.365645988051,9442.305165034044,8877.31412629555,7887.3395834105595
140,10206.591234552461,6255.647704153302,9991.154351680281,9961.92339945839,6056.604821233659,8728.315400333624,9395.76516125192,9550.695951755137,8556.365854604344,7434.415502409898
141,10105.81927231972,6925.142578586561,10161.008401242203,9830.87790753328,6253.09944614087,8826.980982710054,10293.98792826626,9747.670379914063,8695.406436882078,7005.080808689117
142,9719.598413208409,7491.017466702746,10679.606094060806,9205.574128208991,6454.13434705754,8899.545001511668,10858.91947511073,9989.952551914843,8798.339850633865,6557.969611986815
143,9207.4739017673,7957.774195276313,11188.12626187812,9505.95512149957,6539.201143947046,8823.436600288067,11441.536788220123,9855.254078327793,8558.240544433795,6313.279467560074
144,8795.032517701653,8020.885997661644,11237.55706031447,9216.393591685714,6511.511686497861,8435.849905799683,11570.201172101692,9617.579219684763,7813.31179258439,6182.930373725951
145,8405.031253928246,7820.498393293753,11422.217227486724,9357.877453796415,6439.257949707783,8044.0378697176075,11758.745585268181,9387.545888276922,7703.7475952224495,6232.506656465139
146,8246.68903010624,7956.073333200096,11843.58253099743,9648.223549667193,6183.852088953458,7630.702013230899,11310.33258149703,9533.588239289642,7844.014822756807,6297.620149480598
147,8329.695700174047,8048.629237237631,11442.592135403846,9625.278017479763,5931.8638777282895,7574.4135314974465,10962.964203054005,9363.413013883099,7790.741074699764,6452.670472385766
148,8192.270531034654,8745.387865465267,11092.946035700923,9803.040178080997,5589.525059908386,8184.071606054032,10461.328847337429,9191.928298680014,7764.536713854196,7101.235393651544
149,7568.655495220432,9354.819235626434,11065.739346025877,9341.399521095113,5885.559094505484,8550.868583777255,10087.197837607366,9231.441414009387,7919.120958619907,8294.192339828418
150,7256.237229111503,10027.238744203947,10853.802502042801,9150.25765196777,5942.165495985736,8865.994888151785,9880.268767107826,8713.186471358844,8409.047942947584,8566.83372367971
151,7093.721138884915,10348.549476262968,10641.120180356227,9044.971781730228,6129.658633590117,8444.094110449132,9966.883484118247,8550.071034304528,8933.493701067579,9376.292518771745
152,6842.5747809533805,10835.807734753762,10537.787772259937,9143.032762409239,6605.886949513631,7911.434920134709,9636.148860760642,8341.223326272258,9182.128767503678,10232.593358396329
153,6331.765960418252,10786.42292962736,9976.59914261494,9308.627634257837,6656.800577266366,7774.958670940662,9927.10590182178,9218.262600315518,9307.573191652875,10309.667597581321
154,6229.3539862444495,11168.906860231598,9332.707715858503,9507.865708059306,6992.7456801122435,8167.444190425194,9725.609060201303,9457.964995199052,9907.897671756562,10207.631642967308
155,6452.050466331949,11202.792603443319,8825.82686657235,9146.643425771634,7630.5504935094705,8631.435933551467,9439.199505436422,9750.063384431855,10107.546392736695,10050.502619462208
156,6541.4078583691435,11076.539660424145,8623.889135101283,10033.79163419743,8530.050494204277,9319.983469319537,8790.794471110443,10209.66294879118,10289.447353384516,10440.186931291066
157,6427.5511601443795,10500.81007507674,8324.638509727409,10238.966125904213,8716.665462350142,9613.923119058256,8642.083255934525,10067.202968692824,9926.323593307869,10464.475591972418
158,6706.743366753542,10175.889778897508,8870.923351193946,10296.58689595213,9308.036202861484,10271.110767849075,8384.486069503004,10181.781534590948,9995.874353886718,10423.809648088243
159,7259.412076828145,10133.943961450988,9289.782842795345,10341.71942357946,9230.592067303198,9947.594078649505,8458.007167934662,9638.487388631374,9888.51157431718,10965.281061233369
160,7537.616877153914,10195.341225484686,9509.96598514715,10382.395490400031,9477.662160885095,10028.285682961638,9092.870098804406,9349.193821699897,9474.50125712099,10570.518134724174
161,8138.275849081872,9893.191271663338,9585.205503379384,10625.080468453796,9818.452032944131,9968.392994571224,9334.373422585146,10139.382326394856,10000.795042549487,10389.604349301559
162,8366.187612780146,9316.360895402795,9661.130844695761,10779.766686430978,10309.915137687207,9336.768476546113,8773.74492556079,10420.16813527007,10622.13096750903,9572.369336204145
163,8582.570484396843,9225.90161743656,10589.911312692358,11221.362840896372,10260.587161988655,9278.620244929223,8624.070211499145,10637.307148184993,10759.87112541704,9219.895776104466
164,8436.841861616567,9270.092246402432,10640.512066952466,10867.605242349884,9686.74266994519,8926.832725173654,8370.691953586635,10624.81717232167,10331.595542869121,8792.791626167389
165,8223.655012562696,9500.066451210656,10754.629743074594,10568.317111673588,9538.416045367872,8443.76068316286,8672.045492721052,10203.2022279135,10369.718832823057,8297.492189093293
166,7953.682828505863,9594.983258841872,11234.030235185786,10231.347922306022,8823.04490994307,8292.46634148072,9236.451570526246,10103.612407916507,10644.090910568077,7842.964475134933
167,8477.466734007096,9502.093425377552,11589.265711781933,10066.21265145158,8115.705211055348,8097.552946663056,10094.067579028118,9740.658244233493,10800.707181775111,6994.232882486711
168,9328.238552973316,10152.430955257752,11665.86934939118,9980.223769498316,7515.38902578636,7663.926887129941,11275.747713487963,9570.29165860536,11070.810818477068,6640.844420072751
169,9942.389070002555,11404.796811175336,12299.647938394774,10239.737618186116,7073.989509209066,7781.604934845155,11563.555498489779,9548.005042261335,11337.624597062444,6692.356483561239
170,10181.711876311949,11891.760300569667,12324.436556960525,9789.238528714628,7160.6639148095,7552.452469850862,12130.542331483133,9964.944515319385,11662.081931088449,6954.867260692139
171,9735.262546853737,12148.16289078933,13075.156884589915,9285.657027741903,7039.592552910309,7597.384721134292,13339.806932144687,10093.396659263493,11586.911949895037,6961.067160860167
172,9089.256548840958,13053.919572161734,13298.70717511477,8827.661382423366,7192.052625259335,6963.090833675234,13908.346920735716,9828.947264661489,11326.580017835793,6896.661819001831
173,8941.99159269741,13158.778153853218,13877.998030629597,8659.99350729897,8302.054634091046,6916.9094612697145,14096.38656310836,10063.941997355163,10501.520606355938,6872.034460329271
174,8791.593393847943,13412.902025756372,13370.77424739889,8889.623133576975,8693.378736345448,7227.403569479706,14493.994370751501,10205.796062053445,9987.653577853249,7105.071990850857
175,8582.404685766982,13584.748325093638,12902.865228903967,9402.340358444972,9354.00043359747,7350.774293546369,14622.107190571853,10387.77531278013,10098.317554486133,7560.07730814165
176,8296.427506716262,13527.646992909325,12114.719889893386,9751.733618271652,10125.140978673628,7142.095073751616,15243.155312574927,10016.767144549418,10260.989886131325,8238.660941181322
177,8395.466374979347,13077.730620755732,12074.23349224477,10490.409833464124,10076.2104845438,7017.007109523568,15905.846598203507,9613.320600782268,9481.370079229679,8231.163165985892
178,8717.531197334221,12706.749968322869,11946.801436373307,10512.354394658429,10004.447218047831,8162.073778972885,15976.492615920475,9513.62610262331,9510.258864660156,9025.65324650954
179,8641.053503478066,12349.433293993603,11837.167238855025,10597.937026254614,9824.937023255468,9109.01876451158,16226.216801990739,9117.925836774182,10083.68187306276,8495.304947735307
180,8850.272210450117,11926.535844910437,12471.034712266393,9680.980495633296,10177.261431170324,10500.515476052371,16345.554594531379,8669.783589553273,10187.381508096307,8094.443342530018
181,8598.395771256988,11725.677333578087,12716.930727098788,9228.801479523925,10406.612952084191,11364.28797292904,17062.256409095513,8850.458906316659,11047.32522336344,7623.077702202312
182,9328.973635304908,11004.315129911653,13095.692835697642,9277.58000671126,11077.887324567639,12587.885127889509,17772.257852764415,9190.641637209865,11375.070981325056,7530.475923035609
183,9660.227576944557,10552.224394746627,12830.993248058774,9228.408533440706,11519.652224950407,13897.958301041723,17635.2464366627,9588.89769235284,11956.611064443701,8021.992647861183
184,9245.464174639777,10133.301505592697,12810.988477182542,9466.757740690346,10928.414200292045,14148.693837903393,16900.205683533753,9484.871162744595,12163.2776202959,8346.362093934762
185,8606.061509323381,9652.896676174156,12489.760817672379,9287.07487319333,10981.893588692628,14401.041205156902,16211.26747947569,9738.481454003824,12527.085467750134,8013.697584089321
186,7920.376804962752,9524.470165135503,11986.011322141978,8948.991111859754,10557.110200856492,13767.307878800566,15598.635762218488,9858.486941653206,13616.001937665664,7964.748055097495
187,8410.390970891205,9058.244215966166,11625.341734869953,8707.184285087418,10188.076104229538,13533.890630557013,14719.394065956456,10092.784969251625,14825.50306618813,8272.999943439221
188,8699.954062876048,9022.649358293887,11548.449033952264,8800.947662360875,9742.780014562173,13689.473944040366,13662.423843833565,10351.612862440936,15750.717148815656,8637.985169635214
189,9316.20162810929,8960.568201750246,11719.020332413385,8684.413522184826,9339.220577657976,14058.12240656111,13055.012539703586,11066.811494842279,15980.700832173943,8905.558097321775
190,9717.213197729878,8763.574712808062,11834.809096514207,9330.756967267003,9229.709697827238,14230.189529462239,12419.049869059178,10620.500557473708,16283.333748100245,10773.754692892851
191,10162.075211203335,9428.723188536911,12584.69439488074,9974.166611393839,9477.631367154183,14330.903897210512,11800.421440439517,10745.952957164423,15880.657781352162,11246.674796652333
192,10134.407696799506,10125.378231527473,12989.112258050262,10325.259361750424,9305.729298919183,13514.612912764676,11496.006534709735,10710.085857810167,15668.317173211251,12135.43710906376
193,10571.626102399605,11030.649615776967,13172.485549905408,10534.388687404233,9198.253446387136,13213.174647443027,10336.035435295427,11496.461845932117,15126.45688325583,12402.112323649839
194,10245.362059221956,12225.409453580922,12466.886052054151,11749.904112008713,8659.558052197208,13451.605891690495,9443.223221984725,11862.33628889433,14131.228980374492,13123.173433402382
195,10245.74041742014,12781.379833592522,11521.315143015408,12574.06161521331,8824.14159804,12858.637638032906,9360.7126511326,12092.31229220633,13637.458186895936,13780.717109254208
196,11041.897168989286,13459.73913166338,11023.924240751667,13730.148226628073,9440.367734401567,13213.198478965951,9196.086527328123,12446.688398133765,13218.732381111713,13187.250745070414
197,10545.857441590859,13937.659504528356,10841.727128808023,15233.205511406393,9781.794246458647,13441.523969132555,8806.653195903136,12672.980560609958,12193.516604017539,12331.646509646069
198,11417.24639550298,13826.230731388334,10393.952606685376,15453.234294217458,9660.785608652941,13748.10696385721,9237.26406007399,12886.477990383533,12618.845117491837,13031.67703572045
199,10958.926817797028,13749.90393505876,9799.873775130482,15383.268305679054,9251.620870840654,14781.195627626043,9448.604978534846,12897.312960144114,12360.685897726757,12501.072038796166
200,10680.71116707619,14303.713311663454,10458.927541243624,15329.408379007502,9028.569257359672,14686.375605235726,9376.262933400609,13713.463622001245,12037.950253605868,12159.941427052645
201,10566.113427963352,14659.37257411222,11072.703490950264,14970.95837898402,8669.870296533289,14812.288761262702,11128.048202144628,13950.271415791452,11160.9918116253,12317.542334731514
202,10303.978219134167,14741.913286611878,12037.762061469753,14987.113949858182,9623.523510206986,14937.34589459504,11351.107157695855,13817.610654795571,10941.247342201808,12179.320243672817
203,10173.891591000234,14221.936628072792,12998.06133229851,14933.607180276533,10882.566248217956,15166.689807449015,11742.991911133005,13902.124252376063,10704.372059272951,12300.921299185151
204,9598.988778435732,13722.52557768033,13517.595190992077,14722.387691024487,11503.717672124687,14688.924185474005,11273.072903289842,14401.515608063914,9947.10937326057,11544.990264418087
205,9124.300566842187,13077.26896664195,13427.995788160382,15606.1034762886,11738.645401439171,13755.134595947517,11291.604695858372,14492.01560846015,9840.901507212717,11799.617764429746
206,8587.959052536175,13624.94174251739,13254.469011290874,15326.875517373537,11270.669433751063,12891.890249120592,11609.860140092293,14355.174010870123,10428.447395718058,11354.008338032998
207,7789.275135017376,14541.32967760848,12940.534125877086,14859.756610872655,12170.236429271732,12508.379075811054,11403.092655285362,14203.178324095834,10589.373704914837,11669.245254694459
208,7030.701433215867,14387.985168264127,12922.665029811329,14993.794807412409,12591.02022917087,12329.441889507645,12034.578081946805,13955.18255095271,11179.625312852779,12277.236962218418
209,6439.379031512119,14126.226875348359,12765.514055586142,14499.133878085966,12403.987703390037,12636.49245309347,12057.65665898094,14949.36526416443,11913.780759032854,12918.1137679044
210,6742.361940191556,13836.799878774618,12285.475158224786,14948.696804837906,12824.92611147935,11836.97843176321,12496.92908105492,15366.992790206545,13258.060957170133,13290.278922136415
211,7217.492311978365,14982.370754843092,11345.763895635704,15315.997510023793,13075.201144356344,11484.80098903452,12606.162481519224,15146.244218927832,14609.375387639955,12700.95125846069
212,7392.444165195741,15525.106837676116,10716.966814627487,15588.711775046875,13682.623494949115,11119.992115938909,12880.121605529946,15204.45870625611,14203.799928078135,12950.998736544623
213,7269.069872925956,15602.064562895699,10347.225388874615,15532.814960512704,14218.654536841652,11411.788236821429,13484.161293620808,15511.06830138787,13795.69036994965,13590.994467738252
214,8743.840617845844,15268.927934354664,10863.717535727032,16057.6624850767,13012.228006915055,11692.400215730646,13806.96617594812,15490.493198704648,13755.281918908853,13826.484819643605
215,8755.377700280313,15298.49452109796,11606.764574784116,15661.651191262052,12268.618959554626,11872.192371293007,13676.551852517403,16495.237394077798,13738.581337643596,13650.759558861728
216,10027.856191629158,16126.529155977913,11392.721697613371,15411.910351976841,12905.221916132921,11886.837549938795,13963.904910168952,17258.982838413074,13197.519488281507,13382.61056105724
217,10341.704222420976,15948.4331172299,10973.465231690057,14406.475043928396,13628.164195643601,12480.010680544958,13836.012962274603,17832.793741741967,12772.627335397929,13445.937794412534
218,10486.395861252635,15782.732382181808,11177.685673652326,13322.9071250161,15068.339635962368,14040.014697056995,13671.57287075435,17554.71743369557,14134.461036474622,14055.050917120876
219,10568.558544489995,15434.520708918777,11548.430346241425,12884.65648122484,15938.635372865885,15298.134124036544,13554.392728265117,16595.42308345016,14780.802714597756,13890.530450641041
220,10221.79897632008,15101.4036955564,12156.96367665308,12711.153038489272,16903.775792330183,16405.013330821497,12742.785120603778,16520.83081838302,14638.273878441247,14077.653897481661
221,9901.018675937446,14578.912355525308,13132.659377007885,12499.796001813438,17797.116881204496,16877.73211381193,12875.417132246102,16069.839905285655,14310.868794438811,13969.536029740804
222,9987.25792061874,14357.542040919952,13384.762385619275,12499.309043812118,19552.802310679675,16427.034866390142,12534.680007673809,16045.943098668715,14066.783126522569,14807.777248322649
223,9742.573635295857,14254.47810473425,12778.209796367422,12220.064427262165,20384.13860270177,16682.8434283743,12243.30656572744,15993.45992811369,14224.626380555752,15231.180813818715
224,9836.374055756722,14524.138240595455,12620.61119747724,11507.763434771961,20089.675383231835,16616.68656752574,11979.403688002865,16073.58196182927,13336.269189694767,14859.007860470707
225,9735.35526023171,15345.614968776863,12022.812143158884,11676.498371175947,19150.17427596503,15849.293230271818,12542.185964374923,16189.565553301682,12626.657153171413,13930.502628406304
226,9852.893068392465,16411.973658944506,11365.31949277016,11803.280942835441,19028.967289732234,15862.422804355027,12196.396035061342,15771.265409133637,12540.857761812926,13437.399615162689
227,9269.59292032781,17834.132351474713,10869.012180562931,10841.67320682356,18877.93562197876,15793.86957711863,12441.568221497602,15157.782930627132,12800.444598622791,13652.774873280348
228,8799.92535741079,17909.528545690424,9967.332378129711,10902.954885288324,19216.75720040706,15046.480832875153,12642.014397355688,14515.67361203996,13110.686702891056,14145.31000255666
229,8725.660825665436,17759.86638724577,9860.258116898134,11756.365054613325,18457.137918550732,15552.39214378872,12497.418718011579,14418.07491110384,13693.352730075636,14696.419805360114
230,8253.516799368384,17335.300749003505,10612.907120952223,13041.775947774015,17453.61844401325,15084.351701258856,13136.515795288928,13833.037365761411,13958.494531254233,14291.512111518394
231,8021.882765108726,16425.212362015664,11434.246020747358,15540.081923165082,16093.433459536873,15030.4408146516,13685.67198218653,12779.381647711114,14049.632608437487,14187.486805529405
232,7121.016636973651,16127.78493605021,11985.146175950047,17975.77016300999,15784.074166069462,14311.249585907835,13460.502068770345,11976.799583645587,13419.218568307931,15141.815037144886
233,6651.643269303964,15740.053404955901,11626.464757884438,20307.002587006944,15425.975075677956,14162.422981660131,13435.603786010133,11308.097819632774,13467.825792879225,17212.82534695953
234,6867.806248362208,15438.477165867951,11205.082103377406,21325.740166284537,15530.530422930731,14759.56204813384,13177.969429404173,11125.937995212616,12956.44910614036,19095.423061975453
235,7286.344053016865,14227.11988227814,10800.600057798005,21296.047017988247,15688.176576674066,15958.921190144863,13710.088813951179,11072.851556894759,12330.432381393091,20333.857878668496
236,8303.990856836104,14065.839893567916,10489.060656877402,21840.356020873394,16370.915885956729,16022.87605405155,14585.841225851776,10980.123619733242,12386.948819306777,19994.698730893866
237,7873.115760878194,13379.450809618886,10972.459258156394,21498.549562167293,16514.055061869483,16215.326997034112,14333.210544738415,11221.746703666246,12433.776688141483,19114.025464765673
238,7632.25449732311,12842.812517245082,10951.13509010825,21985.100812776684,15868.022886690782,15845.559176224719,14418.416758204618,11591.460342850787,14446.28140358935,19266.062156531258
239,7478.458522097108,12691.133534453098,12872.360227315236,22172.850874587533,14778.398857761867,15666.048631751864,14189.538893670744,11690.836634889147,14676.350028071514,19122.17420971719
240,8516.64514069895,13149.537140695802,13230.231379512987,22748.279947591986,14237.393917565345,15380.133097124619,13394.619196972513,12069.10674881257,14974.276232921095,19134.043337869058
241,7988.072179403737,13913.554234758161,14338.539020462633,22233.51633285627,14357.671329201086,14636.489253482096,13351.703989769094,12771.083585020551,15170.023454273261,18818.681058852686
242,8761.713748388023,13782.103009089886,15574.96587099816,21498.89618287563,14622.421630178158,15379.530934139786,13412.363281203425,13808.967743047564,15273.346465530001,18735.52971357457
243,9191.56576452575,13956.503035226906,16501.178149069914,21143.09074182452,15625.30887729129,16550.39188231127,13206.268387529666,14144.526410698381,15213.272920555119,19735.092293311845
244,10795.062860860971,13518.076353891158,17507.13888446918,20237.50554183547,15102.71725432797,16226.987597895752,13002.320522135178,14447.091660660593,14584.454269137683,19367.21203427922
245,12730.092899320984,13086.798952393818,17833.779592248997,19572.56516293933,14295.708027603361,16698.53393360982,12809.012825981896,14536.472640122283,13620.795285077405,19475.143632880805
246,13695.075698838788,12637.052550810284,16942.381117412497,18435.920230223248,13439.651759737404,16536.52305796374,12592.199470542757,14513.4569563981,12923.189250045632,19011.952840424387
247,14489.477594026746,12828.868464375271,16247.83914480051,17568.629236151923,13409.679552986674,16231.751134626553,11392.699941126973,14355.077428386187,12663.331043686188,17584.92499963149
248,13456.585495925861,13175.67846990878,16462.319160264437,16399.024766157876,13470.560527810158,15765.60492039438,10159.63771384417,13986.86812643458,12663.555548621589,17465.559284521714
249,15051.492937450505,13347.932842653458,16131.526519081388,15964.165719627601,14555.997555413505,15059.041099397731,9834.843968810783,13203.406592472242,11934.236404110436,17616.318245322174
250,15731.0928605296,12490.85944625006,16141.527700300798,15959.444663567383,15088.7402033693,15049.844644146413,10006.8406464577,12792.002190743116,11605.28337469973,17101.539643809636
251,16051.29091085509,12600.997329863765,16476.532892103845,15852.37939941518,14931.786095807303,14295.245151409912,9959.254435685505,12732.973007831251,10582.006704273721,16292.00064541562
252,15346.915761743045,13085.22972163262,17422.03871486675,17542.358231382936,15762.490642742596,12742.557367861353,10461.536553959819,12229.235261239968,9769.263612774697,17181.250854087717
253,15624.431028276658,14693.682866318064,17321.86672333887,18156.33689974035,15168.398318027255,13305.45390959815,9518.219673934136,13857.648981423143,9059.589712504194,18244.626026197933
254,15702.137624744193,15282.742348149393,17056.45562837729,18136.37346976359,14024.460595871922,14698.422809164773,10146.575318915884,14930.7931129337,8461.370297219033,19094.052783177944
255,15614.428476555611,16092.061715345937,16464.834853240187,19829.697246794887,13157.721166100151,16583.23600661613,11175.315063865652,14893.471242400412,7848.709566885857,19378.493531519187
256,14936.417743325286,16877.3962301652,16102.069167837302,20605.72000435479,12843.010495025621,18710.732322704036,13293.307577646749,14347.583285580047,7098.001169323525,18932.880501105567
257,14181.36303795669,17032.137938139444,14338.57976753091,21118.006960134673,11919.492174108243,20614.033193333114,14291.999318533726,14623.351745930247,6522.420860931802,19001.91665701406
258,13819.304913454711,17829.582100494426,14149.538958079338,23512.75310044611,11667.211934615827,21379.214101368463,14091.873677009056,13558.21258328108,6628.6540671945195,19021.596974974276
259,13187.881057730901,17474.77787605447,14504.331616735599,23997.723624304595,11276.794264842203,20634.73582669745,13812.630245274355,13893.86363266441,6650.76314808038,19164.49062056632
260,12707.258717711497,17852.726396757917,16189.064332573302,25506.654011559454,12451.434447099704,20042.542780905504,13058.251475261513,13942.637302157174,7207.922662494148,19347.70357447542
261,12135.517274009115,18162.73278247029,17832.95662578123,25486.163141434856,13152.448454290896,19987.103103086978,12737.0883042839,13275.624659166086,7176.996051516487,19751.38971140033
262,11450.216106437572,18060.08743837991,18373.809084931792,25309.84314630673,13662.320370939795,20922.658289117164,12313.339689634215,13596.262510393215,7549.32111148457,20274.18111420777
263,11277.578366172153,17987.142117740263,18608.348986866877,25823.041336323116,13962.879755183756,21860.30621217034,11905.101899100198,12643.034736996175,7828.17735686616,20510.89938905098
264,10846.737451063771,17119.018853368136,19123.365019869845,26550.169431267725,13885.440618722729,23082.501063412376,11846.781304874965,12369.147143198259,7945.488178273306,19326.269028534167
265,10573.503793738673,16465.47743808831,20640.99093414239,26063.00394552813,13305.823012137793,22973.45841866449,11913.728337934179,12596.635421356572,8688.221479178834,19141.67421476261
266,10729.22409408101,15920.145377630903,20622.48474978154,25302.552412606143,13399.499767501558,22668.7000752238,11174.127317582735,13296.828099984146,9931.920271731591,18382.27569482613
267,12050.21908012536,15026.189315426338,19772.35031918581,23752.09376397577,12925.912868470723,22017.646729941705,10199.389675619046,14526.080969381237,11514.493606618835,18385.334197838256
268,12532.897071015128,14141.167195877177,18253.034763522886,23009.8621227238,13326.741504017707,22132.051460601866,9929.925791689462,15242.651915623228,13274.302352218909,16792.863712319446
269,13563.800356438487,13718.42884437201,18068.147161296823,22609.866486736755,13980.580460103469,22168.10791316962,9787.40325341023,14431.461989547843,13512.881991804275,15615.115053532747
270,13746.894644436716,13058.497113498799,17912.308318783947,21711.82533608128,14373.67869712648,21302.303754297463,10395.660133788979,13799.026896978847,15347.954453669285,15605.643948246805
271,14056.380701980932,12937.860473948578,17348.361717709122,21485.88490894542,14793.5122036096,20101.257988345296,10603.662618706914,14612.609076256758,17209.167883451184,15614.817568264078
272,15404.880131215412,13215.704974251434,18536.428470653173,20788.999848311352,15043.362513487298,18654.486446516585,9855.104996147465,14902.011375092852,17684.064580737624,15447.692529379883
273,15578.05921043633,13591.438724806365,17854.679702165056,20551.49045599265,15893.950171485467,17595.911054314463,10715.411798210667,15354.285040331799,17517.837449469887,17053.447783391115
274,16260.864954465897,13724.834129270164,17469.3567184903,20472.291376320412,16277.149195867567,16514.174511187222,11761.542069049287,15137.778835347488,18579.323075338943,18034.31367042105
275,16377.055107556738,13319.143109397393,16448.611547390192,20571.59791976723,18035.490952279557,16782.559214182187,11040.718606880993,14664.232145789752,19143.194085879717,18690.747090724
276,16319.68749537954,12873.055199552926,16463.15409592907,21588.67558659458,19554.479771001625,18222.725099111012,10684.693500663516,14092.375380263578,18382.26189552384,19547.766956175696
277,16774.8412517653,13205.976511185505,16121.154743942065,21408.954830712184,19631.194208473215,19272.898595145798,10348.09664031059,13032.548717814794,18462.307639046485,19879.253928563186
278,16103.744508310483,13720.052044519032,15840.487228156493,21576.99580203342,22092.58790325045,18961.784126808852,10440.121766661565,11869.021000818624,19442.356680227458,19740.85417895223
279,15612.009443986071,14577.644465778838,16169.083208063937,21824.62587753009,21879.311966408954,19641.302351011607,10498.715643865267,10975.962469979713,20249.786556809984,19875.290737027335
280,16081.19858125528,15944.157075281282,15424.54337461362,22995.93842878185,22645.2483020524,20051.15295291857,11339.663226129363,9843.406018853411,20105.618032309063,21660.555060078856
281,15779.336176093591,15716.899484388563,15478.957768794697,24394.26815414349,24877.302922052702,20523.657981458313,12162.780338026821,8875.86261963517,18997.197813084185,21939.649992350798
282,17011.500803884646,16734.428759072,15941.617179801755,25612.635912881284,26137.81273547673,21304.583384016827,12974.688676701962,8564.527988503578,18094.53648575837,22530.001633666005
283,17337.972727143908,18420.196914150867,15666.154229838481,25948.943531156998,27682.33823023941,20829.730297666625,13337.216251322563,6844.419657616428,17249.848403265718,23253.99612706292
284,16632.718658071557,19412.037559874905,15217.444717631914,26371.654160706297,27191.664596031063,20749.45330745228,13445.247760487142,6097.172085194641,15676.122908347043,22766.24182552581
285,16586.95211501938,20093.730769429134,15520.850072757685,26863.65567647716,27427.68752478832,20735.584333426705,13882.082316575557,6439.8911862783625,14570.615355455744,22878.862126190423
286,15701.09525202476,19739.051246105235,16048.588441197562,26795.87233265807,27776.02106408818,21834.49326835872,13906.423569661618,6939.94129637052,13119.675548692261,22042.374618010894
287,14793.399234349516,18825.448015981972,16223.20629921143,26386.675470371505,27049.118651657704,22560.691254452537,13733.993824962827,7755.782643422638,12677.607907241128,20897.251281122997
288,14069.441033472478,18133.436139004818,15903.753691129376,27346.285179480325,26316.94599999074,22612.655123004195,14328.643886083632,8463.60332571173,11893.174964393524,19537.077266484368
289,14128.377966652326,18846.9921553467,17515.77734840848,27255.624748588896,25200.506820913153,21712.73585032431,14413.673827391125,9802.111367559057,11560.399963094615,19575.55429387303
290,12910.973813810524,18732.09234084914,19237.11241029851,29854.521867044776,24526.16486906957,21972.757273205094,15321.01558103503,10540.973273748272,11368.732124407234,19276.085718857754
291,12030.333162417934,18213.418254368167,19758.68553432491,29861.091181089098,24932.089442686916,21300.030330164434,16423.336629291578,11108.43926757372,10731.819873319655,18715.78951125576
292,11531.645380668364,20049.035255614723,20129.113517559606,27861.3618583872,23576.927794859388,20819.42626008821,16897.653045207553,11646.2652217143,11004.653797608054,17490.479485145486
293,10824.024546911412,22691.38011483855,19249.52824089062,29327.946994139293,22765.90980231651,20282.11691857744,15941.721151387872,12000.931467087152,10622.342556106907,17268.420197384763
294,10637.355356285712,24282.877513696047,18144.299602807776,30463.53178736005,20657.819836778184,18959.506763932757,15324.099877858005,12056.660537760012,10746.051861317552,17001.492568305293
295,10450.334753770843,24011.83841522206,18924.377130204517,30572.83112639225,19232.539217873145,19482.68472972654,14163.03053681216,12725.254479816185,10856.586314725857,17961.957834183
296,10853.816103649408,24278.74387447837,19883.118917441723,29329.5028540333,17742.863395711414,19626.222356491773,15500.52093960527,12853.029914964885,11376.187443420227,19451.319214004805
297,10807.20322956233,24858.165907427847,20933.396584186034,27828.512040705056,16500.982205280212,19123.437684331657,16558.34898370255,14654.591534281099,11115.843693558292,19026.076513440006
298,10598.9417046724,23901.32026752286,21252.237963896197,25947.64807641182,15572.664942433794,17447.599694406512,18398.310090779556,18236.65602402345,12087.887535064316,18770.242839576935
299,10400.14015700806,23911.49802114707,21921.501116201878,24502.314297064433,14453.024350941583,17516.311368121293,20145.655335105857,21127.732999215175,14279.11493031098,18427.28364405025
300,9937.894308206272,24613.211242708774,22701.86850066282,22652.97700847072,12795.749782272547,17949.113533669988,22327.437063221532,22828.625320880026,15002.155782532727,17845.672947003266
301,10703.11047323234,24057.45683773745,23619.39292864192,21959.231294055444,12611.20421030144,17820.243201881196,22630.337331596027,23725.30578881683,15272.91530620672,18465.546398328763
302,11104.054221731716,23942.147932418316,23183.53718155452,21547.393428700994,12046.349112818712,17360.077782924294,22900.700229779468,24596.983337859667,16346.22076997426,20154.8243529581
303,12797.648762428187,21948.494382205834,21485.95957836236,19697.555803169955,11686.272034376094,17588.477745215863,24362.909286371552,23580.368819181724,17625.76437694223,21905.990168954242
304,15643.403315031475,21206.564977132348,19888.772126560056,18567.907202811177,12688.91634148705,17484.77408962371,24143.93380435811,23748.292352892317,17066.18442600617,22134.508333461083
305,18124.44022754888,20166.514814242262,18800.390277333696,18123.945049901096,13117.373781697957,16445.992552185,24475.627975829844,25116.29623950101,16993.369136775356,23039.639690856355
306,20122.687690810082,18845.776748384247,18393.371001062882,17059.003964437732,12626.428396999832,17170.842297608287,23954.709802660687,25474.080752416285,16843.935764480106,22960.628094863867
307,20034.76895882381,17280.392864847483,17700.48494291339,15979.814022723054,13650.416794796485,17268.903215592803,24037.847386183,25886.857575683403,16294.73860291483,23435.690063325583
308,19926.179589540832,16197.148628251809,16696.053987855772,15821.012681497026,13859.290147253336,18004.61055817411,23604.23451455437,25865.82808366393,15517.251609109533,23453.40552534787
309,20489.925121197968,15643.67909297709,15674.320337683239,15861.272452971709,13882.895126101634,20017.986849225745,23035.776427769448,24474.447481755957,14503.728360597832,24471.388901463244
310,20278.90657210894,15690.59156003072,15895.07785548412,16895.821920924427,13937.989806185531,21589.21006846322,21981.571344487973,23777.39619100441,14778.586860176736,23636.846628252977
311,22163.901386136884,14706.58023388539,14883.488221945,18104.216217062338,14582.272077912088,22960.382682393363,21874.10094045222,22275.61077586442,13809.624347272014,24189.118176872926
312,22286.894624004868,13590.768676358395,13777.281900243845,18427.73983614074,16434.69382991024,26102.725851091756,20342.233029964522,21031.348097244336,13378.341439231644,23968.29970268282
313,22241.673799189186,11974.327652248461,12738.69091940027,18283.877936938512,18413.56288193829,27137.419126918034,19800.292017988657,19768.128455690934,13764.890334555537,23393.19989682834
314,22826.923427836628,11690.835889291278,11808.30577115358,20898.35387624166,19454.25337961206,29692.584803021087,19165.930684824383,18946.02286432681,14120.055181918891,22542.596458167434
315,22935.55872705238,12184.28667615622,11944.436235312427,21182.954870741803,19859.558953532487,31040.66785840776,18472.195282715384,17391.35663911405,14405.172830795815,21785.454769927223
316,21176.217589902684,11263.157639438296,12191.753047072685,25166.810483592744,20655.538113701365,33150.435832118186,17187.259114656616,16237.871324144297,15728.067896643339,20806.927518152654
317,21508.99136819441,11314.773426707849,11117.833774140152,26771.38260403792,20905.42599388929,31518.18167981737,18567.867150019134,15943.496430654453,16456.6089524845,19947.902243143235
318,21072.48606198397,12110.508372803355,12605.129339987958,27736.9099351879,22859.938190120072,30199.644869339485,20083.938655822007,15354.635973113707,17106.864919086947,19137.719627344304
319,19927.765468807018,12977.98663618753,13449.930359307102,26664.689793435155,25448.41091700094,30432.184949400744,21039.995567268343,14900.193761557886,17477.084525860322,18292.076184247464
320,19222.401557334866,13299.184276892085,12742.032872529195,24941.896999556764,28288.973393168162,33408.17164920935,22121.315074715807,15334.602065009369,17086.40522791333,18416.325169395102
321,18167.847264894543,12500.131149634663,12247.584898704232,24085.25309530664,32501.044927305662,33031.770730159726,22913.19843208634,14432.86388125672,17815.022283890652,17577.053453893575
322,17509.95434401514,14617.262205160605,11769.892115172153,24715.0768665161,35616.36582144959,33888.157015007324,22571.600268053226,13793.052753807955,18815.979737679343,18004.51456999557
323,18948.059781073247,14725.032497205604,10712.82273742752,23629.17151633311,40019.594548967216,33675.536408730215,22115.9333208835,13627.601913351295,19347.10186979792,18470.48126064887
324,18586.485038413644,15855.253267893637,9703.83653161969,23998.60981319431,41636.85471038031,33078.64834855518,21944.91344402772,12689.376047537151,18373.765195715252,19779.258737062755
325,17813.306591532113,15552.872964084505,9122.790898476396,25245.264479044235,41690.59746686458,31722.029355014798,21912.151063860794,13816.162215247368,17678.09387182035,20877.73399244453
326,17910.08686473859,16116.470581201504,8994.978470983513,24496.91627952655,40981.20750406039,29898.63787276265,21295.49243128074,14310.595620358346,16822.001056708767,19805.941323272284
327,17749.8010442109,15892.20539808269,8924.22234718221,23273.976845004276,40725.917890490804,28522.503130737707,20540.174491295627,13665.19548393039,16667.945768742888,16212.367854439086
328,18548.008419399437,16683.754689014673,8493.359888047513,22156.43940720564,40928.00916734055,28713.449013787333,19753.997993012024,14534.296207863339,15585.464479919277,15714.098456330461
329,19099.957765369076,17127.115058664993,7790.341811422839,20955.62226385846,42556.98504446007,28503.692283438246,19430.79824709015,17709.50486013454,14309.646352644162,16804.69994571904
330,19239.574370887913,17472.629269063105,7741.511139987682,20785.736083969583,40569.15589618779,27000.282597568297,18150.91822494284,19526.98434633275,14393.39759243921,16846.012788415424
331,19901.352887324116,17418.41690185761,7392.358928518062,23138.94713426052,38106.61196218728,26793.833775387848,17362.908136322832,21217.758236069567,13142.068620948527,18126.979483890085
332,19556.873532080015,16874.21673387205,6689.559537899637,24343.591507431174,38119.97913308694,25574.436052674115,17955.809586627118,23941.088884256304,16699.812589961024,17760.53857061549
333,17947.5866434147,16843.214537922137,6968.123085328214,24542.22473165568,36183.842848708744,24162.190600851005,20154.73162985757,24202.255771375178,17483.94749817202,20305.63246530786
334,16663.140016565223,17942.06377911249,6928.421895260664,25749.347993119274,35013.41641096434,24109.791850107325,19130.242883133895,23516.293692224048,17756.372787895754,22338.58485459844
335,16065.74115910619,19373.347474981576,8337.40706994258,28157.72850740477,32947.267176432644,21814.079311987818,18970.847744820505,24752.522270765865,17932.991660174124,24085.03951626768
336,15322.1772562771,18853.10879040645,9001.021599688345,30492.75820401806,31041.665292698588,19769.54893548013,17635.64260252895,28446.50347397712,16596.53522388736,26827.07497026099
337,13234.832169955193,19657.691612262173,8849.186190528695,31944.43243230932,28686.158931609978,18479.80952292131,15840.17716061109,30213.60400083979,17351.51773045084,30653.862945758847
338,12821.569897620624,21674.597268264853,9334.395807164643,31188.854172186504,29286.026451680773,16996.535589404382,14503.698039805946,27747.294749466822,18866.401993242278,33502.66737993166
339,13517.890412656205,21719.005028263793,9398.536630233353,30289.088869598465,28563.157650097834,16077.532691063152,14217.086650009705,27056.216423126774,19227.224833562082,37094.098620852455
340,12475.782193400619,21039.02377535416,9255.358207912932,29362.519924686883,27981.080332210855,16837.260573071515,14619.63761409543,25925.68026587944,19188.28908954981,41695.68397313138
341,12772.269830561241,21057.474193785478,9355.16065499176,29138.164728784057,27758.611158170588,16471.93631742301,16875.1480091812,24772.88067830777,20531.699742399524,44886.21621536372
342,13142.484319517165,20455.47398426578,10030.529111354126,27589.848783677447,25824.631025453065,15828.725955499376,19032.875537390242,24812.870217877946,23395.84963021522,47948.99098397126
343,11804.06511942357,21325.811956118214,10510.344246449831,27556.651831840998,23543.022756014056,15621.414841181622,18820.6725054215,24202.314816521088,25685.77411148743,51980.4731371408
344,11278.535950085297,22639.162582431272,10407.189653028241,27986.732981332763,22371.996069655917,16758.631795952162,19314.646427965043,22399.16511368662,26175.56223615649,52021.479142196586
345,11205.329157343964,23324.32332923705,10213.76821970549,28412.09812715396,21003.663977443455,17529.8061121342,22576.635253260498,22755.81898024732,25148.84353564534,51124.19296550944
346,11361.68483244298,23694.829585723794,13557.311840568253,27073.83154320467,20531.570933521096,17586.998241732304,24074.905039778714,22301.146541762584,23128.998325837165,50097.535706227456
347,11602.577876895079,23684.181231797233,15708.150095288218,25604.727670705928,21303.27539612688,17662.53857145427,23927.497046090735,22024.901290226102,22138.300927472726,50859.93177768905
348,12198.644356180133,23150.964904111668,16800.213767417958,24298.541066359903,21295.283510218105,18171.885608688644,22733.106527057953,21006.599044375493,20901.412385279393,50087.560987347264
349,13339.314054642542,22390.525250744722,16909.1398263101,24180.006024056016,23468.694851859804,20302.36978589377,22267.781391830616,19049.150272128954,20409.36889502255,48662.93254552118
350,15137.081096859643,21181.310862747738,16810.89265167374,24445.79979152627,25661.234411217574,22622.984208877228,23496.235189104853,17591.118064333063,19032.25639230138,48328.61288141795
351,16951.491329812547,20475.513285567926,16377.842821792698,24336.78894378095,31928.57191755711,23154.62465083216,23398.767403386475,15880.497341796072,18844.1580123832,48322.74540300942
352,16503.621008259644,19303.27498211086,14667.547286201792,24511.61673724661,34609.66354024804,23301.13724738747,22214.00742239442,14020.28583929665,18476.119765567306,49697.12126982411
353,17526.51854567351,19287.38452985737,13746.147880605293,26470.06399462514,35633.95145607586,24633.098023306822,21627.64809777089,13100.01402845806,18527.91320313131,48973.08639344757
354,18368.304189722425,19453.102267012393,12956.614473909549,27158.908520717887,39023.49264338133,28624.762586183897,19899.862867070555,12657.508660112253,18382.968081156287,46926.805698728924
355,18571.467050599458,19158.652445486492,10698.612871349455,27198.070765030185,42906.072559417255,29950.003377101322,19065.65330149222,13501.498550394033,17516.863598062704,42840.02565051679
356,19640.565841467906,19232.686554424057,10968.845032864841,28023.438499036085,46333.923184125975,32279.263758644676,20114.65886435909,13640.371665199727,17457.99209022533,38658.37761326545
357,19428.2615545512,21064.079452495767,10409.130741376386,28187.72963875978,48736.17859368593,32583.124046782417,21492.431324639758,15150.369426397123,16426.304724936457,35052.50545721207
358,19714.06414835837,23904.430824724906,10073.631911013299,27452.793563668954,50722.044929521944,31853.983481028972,20779.026857298366,15677.494395328655,16200.229648194469,34394.466075422
359,19626.684471393874,26614.635249297215,9988.697585099215,23423.56849037815,51747.46110251651,31740.97530393283,21755.1628553067,15911.727853778251,14425.003441169629,34665.97256646955
360,19787.693683814843,29741.726670602344,9897.128864139071,21457.26219716283,52771.136421848176,34240.02396504269,20228.827733913073,14547.440121923384,12845.01143942372,33618.767582388115
361,19430.24897049971,31384.484507051817,9468.767378065937,21436.234109502333,52434.479824101996,30913.926626881752,19276.34615794912,14932.353151426567,11887.309766265676,34475.66577561822
362,18524.61619626103,34773.83502036151,8493.94876310508,21600.615899394943,50169.410077469394,30769.485810383147,19292.00307895013,13830.526368495723,12707.744900130376,35012.22864493111
363,17717.837872145272,39058.784871701704,12673.384216547598,21896.72467990784,48281.96156994151,29405.481090628065,18760.844223895703,13498.214854053025,12771.451599033911,31815.705262232455
364,17246.095323369114,40890.3785094221,16932.43613220964,22989.507572210117,48698.58637337944,27807.00845575044,19155.714097802276,12285.6004905199,12365.378328689138,28671.829742495745
365,16659.334488044595,41859.511439299946,20533.415864763512,23470.876650941784,48736.706163532326,28258.01431458027,20855.34388634629,11667.022465939208,11284.929493493091,25625.057538626723
366,17059.789996229232,44188.64081286921,21454.70508711656,23935.64579159118,47361.11350145707,27335.2931299881,22147.631690419366,11564.37663882792,12001.438926715538,23560.870889005444
367,17451.673346291132,44309.786509806305,23127.219791702304,24424.676084665552,45414.43424322397,26198.262673497207,20712.117096481805,12485.12586519049,11434.614760604654,21320.397996194326
368,19210.278014385065,43589.66458563869,25368.083727409594,25237.90379321599,42023.095516927475,24509.35504271324,19391.5762919306,11850.466495207187,12187.437127932799,18537.761835135818
369,20306.95464514694,41774.055254596446,26389.651254122873,23988.266962230693,38936.062645310856,25795.716479128667,18279.352951831712,13702.580875950638,15390.982387886988,17824.2860416314
370,21266.479497287848,41394.91620229332,26065.178866753235,22091.89449104066,35225.06536942999,27503.27586152573,17034.6954905195,15718.718548604917,19382.740588727207,17598.708246533442
371,21252.38997975125,38490.26783050875,27066.474506525134,22617.955090944375,32070.886819506675,26972.005835584325,15581.920898323953,19777.981158367464,20640.88632126259,16600.147117286884
372,23499.840548244483,35715.47570825214,29864.16447037123,22248.04080546566,29911.588915286025,26588.05997752189,14007.235858121265,26372.790182741206,22385.38044193519,15042.039529402588
373,24122.736512262396,33509.421382972614,31927.651862882223,24524.84479646276,27479.03836510847,26724.103847620223,12478.86113546339,28756.90927162642,25218.69976603075,14374.782754443208
374,24777.18404698891,33635.841943897794,30865.364584412688,27149.07093367689,26872.61473574956,26236.130661113668,11022.938623370776,29333.649068352544,27006.33088995361,13344.154919578144
375,22777.56393550909,33330.06346905819,28930.279946140196,26209.03819726514,25133.74431481148,25043.171138652164,9972.943989367923,33932.538387468805,26535.38483036124,12553.702676949488
376,23291.877132988153,30629.02908198573,27756.006174458245,25430.959273476026,24006.059211216,26926.853949594497,9224.883990770804,36112.292300385365,25405.770531662645,13218.456707148951
377,21635.05195344371,27467.862796830887,25812.79086667381,23303.558578817952,21832.485045616642,25391.336698426752,9375.205300597732,34349.472257925256,25152.754381985047,11319.861550925554
378,23082.50319826949,26464.305042202024,25028.757030242068,21565.685802902186,20387.516344070627,26340.125128996267,13408.108046948793,36052.05422890738,25458.058140200497,10250.133040838416
379,22760.170268570448,25407.467224021668,25420.46746319001,20031.923801744237,17965.22526873684,27800.23915032087,12524.456546423962,36292.50348729451,24663.095160013912,9269.752236327817
380,22241.531909063568,23815.810143887797,28525.10395492735,19734.530414826047,16093.374859352289,28616.91273754597,11584.004684808053,36279.043124197546,28383.559034390753,8774.284903490876
381,23398.414732715308,22548.253110134232,27206.765326125635,20051.013134131215,14351.752566365381,28094.24594666812,12730.099568105537,36381.700049694875,32643.926518716627,8174.110322995948
382,24059.273672717307,22849.343871792335,26119.771080546394,20059.344319891567,14498.428892467342,26959.203892876485,15233.018260731471,36837.34080605634,32993.795903102895,8672.054300281616
383,22638.826729010772,25387.106574180274,25716.747757488865,19921.179887334547,13981.546254537576,26445.66524572119,17740.035916306293,38232.89710047334,33061.87861781815,11235.940602290768
384,21926.790137998578,29089.108872161243,23375.474791073284,20697.170419649865,13469.524515910236,26846.168296084867,18653.1313527507,37875.53691132047,31064.30163938463,13605.397529896665
385,21923.14328184831,31510.84197810448,22808.908868159077,20347.868932366007,13853.365681243995,27420.829944011402,18900.56880561572,40406.18418314678,31748.168980598566,14126.877663351552
386,21348.305095195443,31964.532023036678,22025.263970441552,19303.927116533083,15261.137745776367,27632.426995254966,19070.6039949812,38187.17737511721,29718.801869443447,16266.451875400335
387,23204.986126167056,31487.49684981377,22895.60542796569,18009.38416084832,16491.178383334947,26849.746755451866,20824.535345563196,36598.848732941005,28292.668288514695,16831.49959869713
388,23681.413498616144,30814.333869390284,26895.208878070287,17844.094639134055,16010.45597495371,25681.353298500504,22768.76583079429,35111.514849795516,26875.12252970933,19273.95088943607
389,23761.052383850154,31489.203295111394,28673.121931673406,17805.579695267425,15511.451050834037,24986.000915106,22915.66298060143,33594.69240932558,25706.180862060522,24658.17383665416
390,26716.43697868939,33292.08667872683,29767.30606286827,17772.03187698737,16715.50602002675,23085.66975706077,22635.174294939712,32803.967952452476,25242.246314487158,29061.71671796447
391,29443.40243265117,30855.043909577595,30560.517788581805,20161.48576608364,18352.052598082933,21646.88628586899,21688.086442993506,30478.16339203541,24387.809502498534,32923.64181827467
392,36064.89150699419,29839.923052490016,33640.897083786076,20059.091265333096,20539.521531119084,21431.721007097858,20534.532904293654,29341.16150869286,24879.459295853238,32255.29083696592
393,37711.06200876616,32066.054372283947,36216.394933993826,20274.41196537953,24276.355315582216,21151.32101065973,22836.659951075293,26364.029468036733,26108.802513590923,31967.622184700744
394,38385.52237883641,32696.200297968036,36305.07434853768,17844.526832223386,26378.813078868352,21522.32005190607,23712.654265398636,23554.35904506572,27039.756420556816,31151.586824344427
395,39651.96908198051,36852.22625174243,35630.657558045415,17981.61597777661,27492.27259787842,19717.21369782213,25894.97699856185,22157.47604019883,26190.93767773179,30533.499776638113
396,41709.0849187418,39717.649193517325,34628.17674861756,17990.73726766254,26424.43482773456,18866.136934801754,27225.22396743882,22978.653638179312,24413.414714002756,32824.013050537425
397,42655.14056250529,39571.36225529648,32798.1437832374,17352.590984461072,25268.697596559985,17287.58519175828,26734.10127048157,22557.81093822475,23404.944321525327,34584.34981338556
398,47193.4472431246,38350.82473018552,33712.99082712223,15991.569757719335,28798.698489524646,21105.05695878241,25633.57694892283,22426.025013137118,22542.47778007971,34773.04636916728
399,44983.10079628154,36014.06659543114,33120.5813496879,15681.28465829585,28133.173650587476,21415.53175749878,24509.481246874955,21881.759143247396,21937.684294712617,34655.32867448642
400,44145.48500053527,33408.583026905704,32511.92882162592,15884.66754158418,29615.752216187644,23440.669690935167,22050.11568945939,22904.181069577135,26871.16568751069,32908.036471283944
