1,0.002490643797402184,0.002498145739746414,0.002474378339051715,0.0024845743270449235,0.002477114348120983,0.0024939376425061424,0.0024894804344935697,0.0024825663487285706,0.0024840219300106066,0.0024927696521427527
2,0.0024649319844454137,0.002469113302341343,0.0024823293737009024,0.0024993409131556497,0.0024740425482788733,0.002475589190064888,0.0024312534238665924,0.0025010509078466914,0.0025013002063093777,0.0024879283434710835
3,0.002441492181535842,0.0024664716374948846,0.002446311390095174,0.002489193885775434,0.002438345992043288,0.0024748211669926314,0.0024785935601603143,0.002500476519154859,0.0025272942757567506,0.0024887326467586887
4,0.0024688282941533403,0.002485118999135972,0.002472271325846298,0.002490873065024118,0.002473991261122216,0.002481774191384497,0.002459063156672955,0.0024885615133608966,0.0024983967710675774,0.0024833066011403834
5,0.002475837227457787,0.0024933566619440473,0.0024662762825011005,0.002502431005011339,0.0024615028884201686,0.0025211654332180865,0.0024584123287992184,0.002520014846216241,0.002514027507325685,0.002464630664006559
6,0.002456909668308305,0.0024974363094742965,0.0024786671481561782,0.0025330671522264627,0.0024886957075023926,0.0024968610062501245,0.002487396581036571,0.002488048649007003,0.0024950317271029204,0.0024634671139249138
7,0.0024788985410483747,0.0025061861307147516,0.0024610794764894414,0.002530659247272686,0.0025082129009869314,0.002491977149138584,0.0024861031328652678,0.0025120664924738753,0.0025378778042207573,0.0024853187566622687
8,0.002441667305823404,0.0025326958776513524,0.002492303384445454,0.0025190880288221682,0.0025397793826237216,0.002506629856508465,0.0024986071189089373,0.0025370947622173033,0.002455925848094545,0.002484931965639738
9,0.002497825520966846,0.0024669714994412467,0.002483660082075226,0.0025223560997778027,0.002532025014296568,0.00251691590074484,0.002469681123936955,0.0025460401308781424,0.0025152773615667694,0.0024966442357293363
10,0.0025253517585864466,0.002517082699772361,0.002457018109523661,0.0025368117903493965,0.00251688192297186,0.0025227541030196543,0.0024866283257526365,0.002509857299202581,0.002486211942607957,0.002494706863457203
11,0.0024849388536283754,0.002512824997541753,0.002491583917333621,0.0025394474582322987,0.0025215101527600627,0.002508186602711625,0.002491979102190533,0.002517443378437255,0.002527321645907966,0.002484400989869173
12,0.0025077828688451886,0.0025332724868137677,0.002507719687456212,0.0025115587743391433,0.0025275170733154526,0.002533875123286162,0.00248550864281044,0.0025083408222158206,0.002503880527714229,0.0024934054605904687
13,0.0024807938142783407,0.0025098189921111485,0.0024617379850526847,0.0025324497960676016,0.0024692920820535984,0.002537364580826666,0.002467874139449507,0.0025155415351528353,0.0025324979644634283,0.0024877026099795955
14,0.0024589146117109674,0.0024919725283854685,0.0024728313465577135,0.002513855737535686,0.0024557324127495368,0.0025243001184555914,0.0025248271170580845,0.0025230442628035353,0.0024528927439752156,0.00249990965661798
15,0.002476525961775622,0.0024837836948011956,0.002472557769563584,0.0025312725229175216,0.0024729976248398415,0.0025020320277714812,0.002483560385336511,0.002545925216500518,0.002522439750588756,0.0025042307085592253
16,0.0024663384358431526,0.0024799217274725973,0.0024596073638139863,0.0025498994160256345,0.002474872037333066,0.0024999531245349896,0.0024871766979701906,0.0025124169654993146,0.002544360248996679,0.0025288845149144265
17,0.0024979346861872137,0.002485513129952037,0.0024736749027630704,0.002514649067494766,0.002467106843544527,0.002506413106949373,0.002482149921543861,0.002538784399607035,0.0024750330944409023,0.002462935433950829
18,0.00248929256724405,0.0024863288654423635,0.002491191930850743,0.0024975413596329274,0.002484774122829109,0.0025283990042209506,0.0024687600159832572,0.002488082058113241,0.002508863284090756,0.0024837660281503264
19,0.0024610558427915503,0.0024536546618237863,0.0024974748119228583,0.0025557553132058877,0.002500261351621515,0.002502351882849365,0.002478452869482054,0.002520612613400473,0.002526108606392816,0.0025269991663931816
20,0.0024785810073299306,0.002479320030272752,0.0025385473556395637,0.0025104570674326357,0.0025228603479021863,0.0025361850264057897,0.0024280997147527734,0.002527282224796288,0.0025361467226606756,0.0025203192127997136
21,0.0024690055324600537,0.002534401660508801,0.002490717028856484,0.0025238232079041875,0.0025445003591936747,0.002539980894233858,0.0024572024530815696,0.0025793701006102967,0.002510075976833019,0.0025410980324189806
22,0.0025177385191836525,0.0024961454229324672,0.0025003580731221323,0.002539632885362538,0.0024954813398505513,0.002529849237967185,0.0024792412761400076,0.002542170931665399,0.0025254503938388225,0.002491834781109534
23,0.0024911454945987965,0.0024889009297613747,0.0024964175944087777,0.002530943752434142,0.0024991162666370406,0.0025289505336949236,0.0025114090448852904,0.0025133430836426565,0.002519154526250012,0.0024815381436753083
24,0.0025024612957988955,0.0024760398115903303,0.0024873970831886996,0.0025497206922712903,0.002465807209582096,0.002516331378765668,0.00248048751394234,0.0025186495627914657,0.0025351987773682347,0.0024854785703620577
25,0.00249095288493324,0.0024921065217543515,0.002482523945442627,0.0025121385548071227,0.0024667509600964266,0.002528515230644268,0.0024940433954863373,0.002495615207031141,0.0025139759120379537,0.002463915620922059
26,0.0024593026706275396,0.0025026225799399055,0.002470481882374821,0.002526700795109783,0.002516737547922928,0.002499039099262201,0.0024625002500557503,0.0024957830882136375,0.0025197378445901003,0.002518264908755793
27,0.002487449790594391,0.0025091746408262396,0.002473072772587891,0.0025071959965637476,0.0025200870432674845,0.0025253204655790477,0.0024684316915960227,0.0024981184670357674,0.0025424015629067743,0.0025059425711476077
28,0.0025008844481524193,0.002500039328630738,0.002488918195747791,0.0025204613974315446,0.002501455737859019,0.0025250097416488226,0.002492458315067327,0.002519931960490204,0.002514239254260026,0.002489829635826647
29,0.0025032367229399035,0.002472565318877726,0.0024955529383536203,0.0025254568211596218,0.0025213163274557812,0.002536617861935594,0.002476335116500334,0.0025110567528507724,0.0025212971385927424,0.0024947607311556794
30,0.002496482285652062,0.002502596008494878,0.0024745868978210375,0.0025280656746620917,0.0025409169377247714,0.0025491483273472147,0.0024900578819626214,0.0025095478620817554,0.002514273647244555,0.002504850581621677
31,0.002506657231183052,0.0025220162694740782,0.002524500942736816,0.0025512986232357877,0.0025166370026431795,0.002526423318231471,0.002476887682392277,0.0025425475312726574,0.002535718629023502,0.002511984397335002
32,0.002489334777384815,0.0024987091728415605,0.0024845576199015707,0.0025850979851321796,0.0025626879810688335,0.0025356166599313093,0.0024890956031785685,0.002549949375990128,0.0025407495807800245,0.0025026111396190087
33,0.002485279534215216,0.0025027378058612862,0.002517522212330682,0.0025261297930252793,0.0025623748145533485,0.0025698776726812925,0.0024863789503254555,0.0025369077060714566,0.002535360691908186,0.0024987086592549003
34,0.0025158605701711663,0.002442578291887617,0.002481489467948111,0.002532998886559085,0.002540770491003547,0.0025652916628383982,0.0025093807693919753,0.0025300948012623773,0.002523214319374545,0.0025362656285355914
35,0.002487340151745914,0.0025011080125220972,0.002493522650689537,0.0025456346693455254,0.0025622062537404853,0.0025292075589086215,0.0025016982322663235,0.002518220237691239,0.0025247644418372123,0.002535392217784843
36,0.0024895104886677425,0.0025365922221286825,0.002505258595732452,0.002521474070585911,0.002502930009478102,0.002582770383981011,0.002503276812414196,0.002536188565841523,0.0025246046054922286,0.002568737306355942
37,0.0025092413557627922,0.0025246053382144695,0.0025261939820728206,0.002542082419150365,0.0025110750632342726,0.0025338984652515093,0.0024949418232522256,0.00254052841656965,0.002531946217609129,0.0025056457332033764
38,0.002482824046477322,0.0024743123206915343,0.0024902457442725484,0.002530872299730733,0.002542548861470866,0.002554097041099481,0.0025064358299923726,0.0025220445604489583,0.002538583795704105,0.002494590103294818
39,0.0025053057111882357,0.0025277878204871514,0.0024820413175471487,0.002532367106618367,0.002528213702267142,0.002513794152240708,0.0024936502111963404,0.0025344387936228853,0.0025567170530049897,0.0024813596959146174
40,0.0025053520644823402,0.0024997140162816662,0.0025392644214203316,0.002526180686982049,0.0025306942383681585,0.0025368655700115914,0.0024837495017492263,0.002535926225285378,0.0025294115155394203,0.002491328377203836
41,0.002494293311815111,0.002491148478857365,0.0024767468929403702,0.0025226515011792946,0.0025225075448189146,0.002534081676722646,0.002538919694705975,0.0025183701015612735,0.002539524075361472,0.0025142523938936857
42,0.002504056398163652,0.0025290052078791557,0.0024822799374031963,0.0025394643712442627,0.0025287144389453224,0.002547976486032447,0.002475007388459719,0.002541323070201163,0.0025235137352159795,0.002503766725715463
43,0.0024918316728253127,0.0025145330237232428,0.0024898457056886807,0.002536078690958861,0.002538772519873164,0.0025236539783459436,0.0025020864937267562,0.002525765320273153,0.0025523262125276077,0.002516981307925147
44,0.0024873209691881853,0.0025189070763007317,0.0024978787732862426,0.002570353332553593,0.0025278293421573043,0.0025402535333491497,0.002499910361037757,0.002560195936437309,0.0025286855933245264,0.002515018531442164
45,0.0024953651021611613,0.0024781248953317297,0.0025123828062715813,0.0025309701441088668,0.002530930837143261,0.002545817070482107,0.00253208419677806,0.0025448791934561746,0.002549131480096532,0.002561108113907085
46,0.0024702350622265927,0.0025228953312446153,0.0025277929425314375,0.0025293585957868966,0.0025471675797082757,0.0025483761300507295,0.0025264720494965203,0.0025314952484822863,0.0025316227311576412,0.002502621919800707
47,0.0025064397092898418,0.0024915000442047573,0.002490377251163581,0.0025588823399864177,0.002536508936662752,0.0025429419411679604,0.0025280599783970457,0.0025587494808166724,0.002541491091827924,0.002517317124585031
48,0.002512209866346494,0.002528278431590281,0.002524496614774046,0.0025523125659951853,0.0025372520071434497,0.0025788985479770275,0.0025803826029091224,0.0025433426866095653,0.0025688963166978075,0.002496211901574361
49,0.002540740051308672,0.0025582836139365667,0.0025407831876436055,0.0025517146744878792,0.0025607325746242124,0.0026082729554872844,0.002550041799432519,0.002558050911102825,0.0025437716337623852,0.002504929487084864
50,0.0025163167895129635,0.0025572450047582226,0.002538871114220863,0.002573311703362856,0.0025811686845414465,0.002578534374536136,0.0025531709921954326,0.0025565736269066498,0.0025636418971099343,0.0025225636931543445
51,0.002551109523681612,0.002559491871587913,0.0025729033665382556,0.002563477269178392,0.002572581659579807,0.0025929195039355573,0.002579894494545127,0.0025816471506420894,0.0025586130745970798,0.0025755673835741568
52,0.0025618592921032423,0.002581300893994712,0.00256222412075187,0.0026110373061585,0.0026084400171853556,0.0025963872647836073,0.0026016109521348105,0.0025959078090810974,0.0025755034537715913,0.0025859565539211684
53,0.0025697519239832626,0.002626000236333014,0.0025492915703174608,0.0025884974002134383,0.002596754208912667,0.002599363867475376,0.002603298684836617,0.0026048192225270263,0.0026336975299615525,0.0025689994576742425
54,0.002577351250189864,0.002593681846954987,0.0025899634045439815,0.00260654346222763,0.0026347597686945455,0.0026065066261655237,0.002598268365154498,0.0026308329195168264,0.0026050607239680953,0.0025508408483843554
55,0.00257586008217231,0.0025924636367312577,0.002580624156402173,0.0026212342472295147,0.0026435188915020905,0.002599868561658298,0.0026111081084561937,0.0026231910522735787,0.002613718126240331,0.0025695200504907514
56,0.0025909285930649697,0.002595293078843419,0.0026003298985932243,0.0026681526100355442,0.002618431232998715,0.002653958904938753,0.0026202794407492944,0.0026043073298605743,0.002614211640521778,0.002564695730260939
57,0.0025925751090702044,0.0025996440372114604,0.0026082911376600123,0.002635327604270271,0.002627998191215439,0.0026251798462402862,0.002635108722743614,0.0026401877802060794,0.002622713435769507,0.0025834224881330753
58,0.00260643544495498,0.0025979641920641887,0.0025898476649329084,0.0026252007778730744,0.00263384071131277,0.0026310912305533654,0.002651006570582427,0.0026206096855585378,0.002634808210479934,0.0025901585949086336
59,0.002617632486623165,0.002664612044835638,0.0025723003249158937,0.002620027560596058,0.0026224795449921573,0.0026266756795290005,0.002627386602782078,0.002646441030055823,0.0026370568507772516,0.0026395885173497806
60,0.0025815702701625933,0.0026146528756060853,0.00257887250988204,0.002649020383848115,0.002659765371072116,0.002641593048468037,0.0026420572734877747,0.002645621525344142,0.002630042697674437,0.0026201544141368073
61,0.0026154534687911216,0.0026249159882699284,0.0025991892439978467,0.0026501027197354623,0.0026627599117534043,0.0026662686910665133,0.0026489092358682902,0.002642845916944968,0.0026513033153324483,0.002591372254811566
62,0.0026334768227770852,0.002623819386781246,0.0025942432408208723,0.0026367185483651377,0.0026406472056722274,0.0026466975818094074,0.002650220848948746,0.0026614815927271528,0.002682212491852031,0.0026195045795256917
63,0.002630869960618237,0.0026573719109376902,0.0026931958507422278,0.0026571008853253216,0.0026472835161383728,0.00266316259814023,0.0026468675899949706,0.0026481264690192885,0.002651052224835656,0.0026128896942599323
64,0.0026366574071453996,0.0026421177869685123,0.002607264841760654,0.0026658604481932303,0.002668126354098744,0.002659220286231808,0.002676920503261439,0.002656461080877504,0.0026649203847831262,0.002651506256088706
65,0.00264408260018922,0.002647813529996724,0.0026267522365999918,0.002680425640388737,0.0026602784158664176,0.002658846023066252,0.0026702738919522646,0.0026717221432479496,0.0026879641365003316,0.002662287264461957
66,0.0026580364305840544,0.0026527928276104517,0.002650260623867023,0.002663560619789191,0.00268045235822037,0.0026719610777100784,0.002665416159142239,0.0026668632113673835,0.002670825531994276,0.0026870042923455165
67,0.0026658608613859,0.0027137195828764336,0.0026394503933704697,0.0026763915575138074,0.002714189516280414,0.0026772986708538055,0.0026867051921621193,0.002671508215839459,0.002669874455481234,0.002694628789319431
68,0.0026773595381438782,0.002686162515888238,0.0026505793540362826,0.00269607199658951,0.0026832786699947583,0.0027117859312912013,0.002699832958218242,0.0026978229606430234,0.0026811439670546065,0.0026832563907054296
69,0.002634795350843255,0.002735195281969048,0.002625160836719102,0.002704563831886322,0.002692972817968043,0.0026871121819242016,0.0027062762921464846,0.0026870046251461555,0.0027126368871745535,0.0027047474558766446
70,0.002667803044763157,0.0027086784987754753,0.0026967973136098663,0.0027232567741059454,0.0027190498946001204,0.002737840320874753,0.0027016681029169614,0.002706402211091134,0.002721693623825144,0.002712015786255223
71,0.0026802877090996,0.002742479040164528,0.002661941615333824,0.0027098099313655143,0.002727463211049982,0.002713089451228856,0.002713722984196192,0.002711222019252101,0.002733160119626903,0.0027273372452817565
72,0.00265519964695962,0.0027330716741326587,0.002698980318364934,0.0027236921207481088,0.002718070813578382,0.0027458245433815325,0.002775880641600085,0.002756351284783411,0.0027303505020604335,0.002725643538415614
73,0.002695418941254615,0.0027279147393317648,0.0027638932806679515,0.002756419889260156,0.002765163541145215,0.002735145246559241,0.002730953842439178,0.002735364558242711,0.0027687846516809074,0.002732120193614453
74,0.0027388914181812898,0.002777036098666714,0.0027340494166798006,0.002786130370036527,0.0027544949043611347,0.002777490456478864,0.002751992294497634,0.0027822505611723326,0.0027602203584798247,0.0027543969409492917
75,0.0027557000781052478,0.0027675008219667572,0.0027401600420663714,0.002791778386254816,0.0027629833129576603,0.002761775282713311,0.0027680905684308484,0.002816609667338729,0.0027917267471615943,0.002775700306838593
76,0.002768034933967457,0.0027942547858717127,0.0027312097369791987,0.0028082186190178772,0.0027847595204328955,0.002773788940173603,0.0027811422830838926,0.0027817777330110204,0.002778516444986267,0.0027805471004240163
77,0.002761515418430138,0.0027800372912649145,0.0028022774705025533,0.0027892567128109907,0.0028015790607492253,0.00279086535304956,0.0028161505133591134,0.002783039424085687,0.00282515764414709,0.0028369906338859114
78,0.002762253211842743,0.0028087279735005194,0.0027765746945902997,0.00281594833678025,0.0028305393425221387,0.0028027921048890234,0.0028072282164542254,0.002803027307938076,0.0028484784756671903,0.0028231919959753726
79,0.0027956703389201715,0.002845558619884808,0.002781092713651133,0.0028115167416422776,0.0028564954153357434,0.002847189574632336,0.002808287787479769,0.0028320107763594267,0.0028268145519563417,0.0028462253742952445
80,0.0028080858977263447,0.002889124276637045,0.002811301060421795,0.002834545068457852,0.0028280891935131757,0.0028400901475702576,0.002827448533774767,0.00283223977830797,0.0028309912448969505,0.0028431744309117507
81,0.002810567274929062,0.002853206659058899,0.0028513335380439308,0.0028637488229604495,0.0028820610173872782,0.0028590338303443935,0.0028444433135117802,0.0028877786594119007,0.0028692323536290655,0.0028489281987454053
82,0.00285191944622783,0.0028683596365624148,0.002911273197682862,0.0028662244076555032,0.002876194176042074,0.0029015883739582473,0.0028714228358538768,0.002879423634189753,0.002900117058748699,0.002893884297068705
83,0.002840288506664065,0.0028943562664965126,0.0029387791793329867,0.0028936121818274986,0.0029434583424572474,0.002889676355177787,0.002921749874104505,0.0029172676093431314,0.0029204311633592565,0.0029009804948641363
84,0.0028895540735821537,0.002911166520291796,0.002891487258327279,0.0029129525962657524,0.0029341174871686674,0.002964750963780211,0.002928200395073468,0.002912116086215794,0.0029162339332107477,0.002923520324144358
85,0.0029123204697861556,0.0029449420615134028,0.002957605126261366,0.002927971095058006,0.0029311323700001,0.0029684046354036455,0.002934636921346723,0.002948570059089887,0.002928748806569146,0.002929533514830154
86,0.0029377280354936468,0.0029566866522232143,0.002924292661591118,0.0029516562802899705,0.0029605638709586488,0.002986201416407944,0.002953728898651174,0.0029579516246136645,0.0029460632433133877,0.00298637545344719
87,0.002954711824922869,0.0029582298790910943,0.0029408198287878538,0.002967468386402364,0.002987545341053372,0.003014008364774577,0.003010324566552417,0.0029636960195903654,0.002983325231106516,0.0030111381169905843
88,0.0029757564014625654,0.0029886507547846716,0.0030332059870203194,0.0030067424187926435,0.002999434397706345,0.0029954625938195417,0.0030045630284146006,0.0029881688067764788,0.0030080100803344034,0.002993683578293043
89,0.0029541172283494258,0.00301543497782073,0.0029350561171092296,0.003000352877638839,0.003025318762525917,0.0030025317648324328,0.003007866838000985,0.0030156040687817887,0.003005594530480347,0.003043049328985418
90,0.0029658450308558014,0.003032795043582577,0.0030280757740883952,0.00301400793355911,0.003000897315233004,0.0030164281753154026,0.003002265437499354,0.0030426456716834073,0.003001330523377573,0.0030394197404933687
91,0.003008711419525434,0.0030590156855012053,0.003028124392715419,0.0030516564249282612,0.0030450271606991767,0.003043458549951945,0.0030419819068513345,0.0030263138589124005,0.0030538884970768604,0.00301764867084066
92,0.0029859843221811057,0.0030572206522267637,0.003060760312802643,0.003087327349409613,0.0030607794846715937,0.003047296147572549,0.0030700104747415267,0.0030527887118309955,0.0030470929308899887,0.0030452783763993884
93,0.003040664173102529,0.0030691471603983703,0.0030843965900808658,0.0030526341755757903,0.0031063111910440183,0.0030579158889229787,0.0030873751349779943,0.0030660996406392583,0.0031108802814401233,0.0030701329345722505
94,0.0030631445316366118,0.0030766660720873747,0.0031013798349747157,0.003093998485908613,0.0030796147993149585,0.0030755016386765617,0.00309675335297762,0.00309555697474363,0.0031104308877435986,0.0030784718060524767
95,0.0030799000136428685,0.003137483809021787,0.0031188144293677993,0.003132097879896046,0.0031012999032262573,0.003134569652908629,0.0031333120002184404,0.0031023125003401264,0.003178636142011957,0.003135319189706814
96,0.0031213505046891036,0.0031311221550848977,0.003150491998923527,0.0031551697620125735,0.0031579484392693616,0.003142009188717656,0.0031671905476121126,0.0031447709744500912,0.0031418159141916218,0.003139620683963139
97,0.00311511360172516,0.0031857375590885013,0.0031635520505393392,0.00320177698069759,0.003171540012869759,0.0031724586294682978,0.00318432043843287,0.0031465679617767605,0.003157104578720974,0.0031473778383038662
98,0.00314396937984747,0.003232344941323636,0.003164704920331306,0.0031659903437766426,0.003210538172975384,0.003167748353308273,0.003179613586419018,0.00320417900675825,0.0032084535238757466,0.0031985427970365734
99,0.0031866057236562637,0.003188830893922283,0.003195065606120114,0.0031889586567691443,0.0032134359070861047,0.0031951054732435053,0.003208908067562231,0.003188200522245008,0.0032410031729757137,0.003233804325274047
100,0.003231951812054972,0.003202390476293063,0.003160941170878447,0.0032291928347454426,0.0032108025818125777,0.003241100156100203,0.003217100886152621,0.0032240759119044468,0.0032149542461976494,0.0031201173957896007
101,0.0032032231349900507,0.003249639154475678,0.003226324715935727,0.003212831018564534,0.003245531994146538,0.0032086541563038293,0.003214066415034339,0.0032328083870723045,0.003229133153920105,0.0032526858640651553
102,0.0032260543213413163,0.003240557468573719,0.0032782124950223547,0.0032909931040582094,0.0032448756684812447,0.0032311804131238938,0.00327647088174227,0.003248471204551196,0.0032753898836805706,0.0032318649748080052
103,0.003239658951501413,0.003300202265661423,0.003279639276964841,0.00325595886821604,0.003264378729369351,0.0032965626309112467,0.0032648739719701187,0.0032619188628559516,0.0032804894895092406,0.0032592208367043653
104,0.0032325649278567518,0.0032727450723908417,0.0032983527996610124,0.003301016793646431,0.0033001181638899644,0.0032773628997629523,0.003278040612941012,0.00329939100701211,0.0032851755649258695,0.003281640239978154
105,0.003248971803524042,0.0033056022213263678,0.003285038776541175,0.0032879010969680297,0.003291140971734669,0.0033079734982407387,0.0033091436773420454,0.0033079099375664936,0.0032993903084567234,0.00328876689291148
106,0.0032864899748036923,0.0033112656573491537,0.0033058486787734273,0.0033696523002504208,0.00332155108095553,0.003309659784046599,0.003296120767196502,0.0033065214430700145,0.0033157802416063087,0.0033230104252740503
107,0.003303660255299591,0.00332005307184022,0.0033157033432499,0.0033471297888270557,0.0033470744530009456,0.0033425729329518003,0.0033349750015746575,0.0033560762876335497,0.003322473711785574,0.0033495504298360437
108,0.0033233676288631,0.0033441860087747746,0.0033515999220122524,0.003349190664579611,0.0033402910140550037,0.00335277129652951,0.0033392223592523147,0.0033573651313213767,0.0033556208343632006,0.0033490650263353476
109,0.003337917782535432,0.0033488156765622617,0.00337323618576726,0.0033525723754233953,0.0033849968145783444,0.003401892788015326,0.003399129606331583,0.003366490607501583,0.0033760928282614735,0.003349194765792978
110,0.0033650732385518507,0.0033793453330844213,0.0033838736146707318,0.0033780637101428774,0.003402646318539216,0.0033938289607608023,0.003390053865156597,0.003403402886717216,0.003379177173276548,0.0034134811457021586
111,0.0033658629811014586,0.003390635482936425,0.0034535755957587682,0.0033962006920335397,0.0034081444378791124,0.003434172394632652,0.0034563750725570812,0.0033924001250342584,0.0034305186282669715,0.0034015465526817854
112,0.0033998468980558283,0.003419872058277848,0.0034514375852755692,0.0034505548339762893,0.0034209883573887143,0.003424656322721294,0.0034287093429736563,0.0034429399997579794,0.0034540860319465013,0.0034142511488350386
113,0.0033633867493434388,0.0034704117194003623,0.003455121234754393,0.003433941559782075,0.0034499872868463803,0.0034384494133030993,0.0034423325727763574,0.0034549715236504436,0.0034779554642976433,0.0034422616561767243
114,0.0034361545417251893,0.0034681663895514505,0.00350997290943867,0.0034630425946833164,0.0034888967397703526,0.0034829617582721223,0.003480874140376682,0.003452474186102716,0.003494431960513477,0.0034608558851136305
115,0.0034303234200130078,0.003476071833672655,0.0034855990941734236,0.003525911795012851,0.0035274501784530363,0.0034968873236416046,0.0034907974647461998,0.003530388749121093,0.0034814880302362875,0.003536109072655547
116,0.003495940537847062,0.0035027930499613984,0.0035773000499610794,0.003521896033621726,0.00351321318582561,0.003536741936815869,0.003534574239722547,0.003519393095829561,0.0035142328404190685,0.0035127128542136294
117,0.0034833067987126614,0.003541717061809973,0.003592178638703801,0.0035924466736419088,0.003541087173886989,0.003571255564763589,0.0035748893674641424,0.003525595715616388,0.0035275787704057726,0.003531090929421508
118,0.003528663321043553,0.003580462591966456,0.0035676888882862677,0.003556991901237665,0.0035618366384956948,0.003586368855692334,0.0035793462245677404,0.0035654546870826217,0.003578009469238247,0.003551653085749147
119,0.0035430023204113567,0.003617577985042792,0.003583531988145029,0.00359890705017387,0.0035766165695415774,0.0035680308473373325,0.0036128220389332684,0.003589355364657569,0.003566460299837663,0.003584355727777599
120,0.0035839745470941835,0.0036231545050887794,0.003589242196788589,0.0036023868748113115,0.003584522676146473,0.003608440623167639,0.0036355007652654537,0.0036073499712429217,0.003610708387677795,0.003618045742617358
121,0.003514466738374056,0.0036440065091545484,0.0036124169788740823,0.0036340210547145145,0.0036390064766713853,0.003646793955541046,0.0036153815734694082,0.003627594834899533,0.00368838460551033,0.003634854630516887
122,0.0036184000895205398,0.003629335779455241,0.0036409987778131332,0.003640165837917748,0.0036301353084047397,0.003645841904308109,0.003655549251291177,0.0036344817096747315,0.0036479004195686423,0.003630448376566063
123,0.0035873008069134842,0.0036798571429345456,0.0036711434988804794,0.0036641118115279146,0.0036943793450836073,0.0036455975972031884,0.0036997619210801538,0.0036712145468210415,0.00369353697894194,0.0036706903811264215
124,0.0035957822251674594,0.003708516166893676,0.0037433977775406277,0.003689645392490426,0.0037113858519901358,0.0036928579515165174,0.0037367718626166086,0.0036715234692251035,0.0036789949552315506,0.003669557361036066
125,0.0036857326934796684,0.003690171731432661,0.0036947836979693764,0.0037265143599800902,0.0037491103934718614,0.003750859156447814,0.0037265001533736825,0.003691300510921079,0.003706658863440328,0.003716587610410711
126,0.003675097474669101,0.0037285094661255133,0.0037390587272115024,0.003731832354091428,0.0037515298926336254,0.003718944447173157,0.0037227567544375895,0.0037675080490378507,0.003802840193793104,0.003780474915812615
127,0.0037181369390955625,0.0038045672676865466,0.003781280362747808,0.0037641730155974808,0.0037767081840457397,0.0037564800593292117,0.0037620823127132866,0.003783993221810096,0.0037617750952497024,0.003791680489554624
128,0.0037449234021712306,0.003779702825201555,0.003832201209223645,0.0038256282780871572,0.003825047495908811,0.0038203422264523803,0.003802352585798832,0.0038138700100554847,0.003836641665749713,0.003777874833340528
129,0.0037578673222624123,0.0038182718754573193,0.0038503691635714036,0.0038166101863755506,0.0038691160977621787,0.003880181836156737,0.0038333797792093676,0.0038259846021216743,0.0038081557107012332,0.003806418496765464
130,0.0038241512212682325,0.003833995113532381,0.003843836886400355,0.0038416845883978714,0.0038972474963646416,0.003848477954801359,0.0038397070806074967,0.003856807559499465,0.003887366273859001,0.003872555107669268
131,0.003817704369071118,0.0038921997248427625,0.0038579676224962845,0.0038988797668118875,0.0038818875717950103,0.003945684015015185,0.003860324155247627,0.0038985868681846807,0.0038606428460154956,0.0038765710788938577
132,0.0038465152509553385,0.003882715990207326,0.0038791231872021613,0.003967689488619984,0.003909059789729104,0.003884794367081673,0.003889972904210519,0.003943202408363072,0.0038814311934654857,0.0039018022774626026
133,0.00389847865935341,0.003966036416829625,0.00397963413061439,0.0039188903953743465,0.003952545304320697,0.003941837986021256,0.00390583542364896,0.003898895753657589,0.003944540964089233,0.003962323077082168
134,0.00390180135581766,0.003939103955836736,0.004013202089157311,0.003959678252799633,0.003937739891488438,0.003937467257070962,0.003956224317800144,0.003950497800372275,0.003980426106677499,0.003955592229608555
135,0.003951388281291831,0.003968736013793266,0.003957468037752536,0.003955748183829394,0.003954471110995061,0.003958356498780224,0.0039804987217430055,0.004039462526480912,0.004008202601941686,0.00399791911168526
136,0.003960224309184179,0.003990085619038094,0.004040046111068807,0.004003101966558603,0.004021833718110472,0.004004075256970252,0.003977430961202015,0.003983553169632529,0.0039896736740001265,0.003987305717838628
137,0.003995540459856598,0.004012495870077586,0.004034053296156496,0.004010399164486552,0.004025786133243684,0.004053594621503559,0.0040638922335843805,0.004003547351787622,0.0040199308619294875,0.004068843572880983
138,0.004005202269964815,0.004042275333029316,0.0040523193940630135,0.004059135786310174,0.004029675057276067,0.004037496685614605,0.004093857186023713,0.004086537455730115,0.004042426789829794,0.004055517581316122
139,0.0040310577572957055,0.004057054055938137,0.0040730830112387945,0.004077170153014775,0.004101242581559722,0.004078023931305721,0.004090701559558132,0.004057462629504237,0.004073362417417072,0.0040874323094924414
140,0.0040723311464179466,0.0041068706460725595,0.004108796332933684,0.004073170309551274,0.004074343700351327,0.004084194077823862,0.004079201964967364,0.004146437411865754,0.004121831364119421,0.004112057973673859
141,0.004102689209439166,0.004078743171363312,0.004047976404322812,0.004067382101645779,0.004120948079857031,0.004143495779255334,0.004087575607162305,0.0040894206148599415,0.00415459394674737,0.004079680285008701
142,0.004047427950482734,0.0041890080766773365,0.004084931235753238,0.004184288681666533,0.004101755976833711,0.004105002512791401,0.004059809018327657,0.004119235749561354,0.004138807342814226,0.00410066770356779
143,0.0040768928400054276,0.0041572083221323875,0.004104541580417491,0.004139242228737523,0.004116223067107696,0.0041430529280185,0.004057678248981094,0.004218615207748821,0.0041520456815584,0.004138990838252819
144,0.004126542489757406,0.004172607481638167,0.004079245749724263,0.004080040585679083,0.004165947611601792,0.004153917136556686,0.004087834642775371,0.00414101169261366,0.004132790292135282,0.004133127275232214
145,0.004043664904559418,0.004109038670797715,0.004070540175250064,0.004075280814592957,0.004140377434019946,0.004180988171434962,0.004112019203956959,0.004158846324110155,0.004149048476667496,0.00414544611878803
146,0.004076995377737712,0.0040711867505757995,0.004092611468342403,0.004059969669107031,0.004143170199075028,0.004150847849825573,0.00410784414017207,0.004178767650388482,0.004141297521459231,0.0041810510360916426
147,0.004068629202845972,0.004095417750958152,0.004076475512565076,0.004162345742249244,0.004125959927458404,0.004136480235842707,0.004075497016521159,0.004189360039279772,0.004133047736068066,0.004141941247963798
148,0.0040336307785306235,0.004103818293022806,0.0040938837937936345,0.004185341419118227,0.0041265547413402055,0.004121315528900429,0.004098341814287821,0.004146834225693681,0.004159645130099165,0.004123255623272648
149,0.004050219155112762,0.004161873216273635,0.004145007264097693,0.004164279931728878,0.004141427596871174,0.004152630306816515,0.00417507722313018,0.004137806586751578,0.004120755323080705,0.004152772757804957
150,0.004110478097558104,0.004176494233080141,0.004156111034448431,0.004220406592774034,0.004145478555048619,0.004188552211430069,0.004114638741432932,0.004149326217039779,0.0041426651776756244,0.00417435940182714
151,0.004070018460253486,0.004213028057018464,0.004215079481685254,0.0041612319441041105,0.004219489725654745,0.004191660267121847,0.004132857295151111,0.004201585090256473,0.004174953185278895,0.0041862869205432285
152,0.0041639047647352,0.004218949468825817,0.004195537788083094,0.004178592935425083,0.0041880387457931,0.004207859006482279,0.004171684180595247,0.00424755442601936,0.004205903666096051,0.004268887976737656
153,0.004183310925505621,0.004242031435715713,0.004265478520570863,0.004280212730662172,0.0042294432566702,0.00420545048650102,0.00418516320106398,0.004204871925787177,0.00420496743024072,0.004250106146083238
154,0.0042159778445078405,0.004232169544558215,0.004210408861152131,0.004246490112954875,0.004232871073059273,0.004326570738304819,0.004199961406581508,0.00422669636946708,0.004265081172577695,0.004282974636802925
155,0.004217476356087025,0.0042578821497668,0.004223958116787225,0.004298069153231248,0.004268413530149104,0.004267217953912589,0.004264734932020391,0.004334443521861809,0.004266739740976302,0.004268581909401118
156,0.004258962339976242,0.004301656716467954,0.004316497133015867,0.004296730620600965,0.004333226959151409,0.0043105354628920544,0.004276382404541078,0.004366316532042691,0.004277103011226439,0.004274397053880797
157,0.004231825120618937,0.004369297658293812,0.004330595899734277,0.004342151411484636,0.004311794967349185,0.0043471886921447505,0.004372798136250865,0.004302633108945514,0.0043378679718233445,0.004323104053455204
158,0.0042265375545135885,0.004366942305069075,0.004330472703784914,0.004334212193272603,0.004335428032719028,0.004334377830573686,0.004434662523874337,0.004335390409699579,0.004329487077792059,0.004370528765548158
159,0.004287720429980522,0.004352043009791018,0.004405902258720792,0.0043631029792853115,0.004343133830161373,0.00435377166569112,0.004376146792613639,0.004374939638698174,0.00435592101296018,0.0043420274170434345
160,0.00433249636235872,0.0043947113260935575,0.004379513239578205,0.004370415864298434,0.004455800821818306,0.004361148427984204,0.004313621804220625,0.004398369031917132,0.00441857182960821,0.0044016418058325695
161,0.004378063013211974,0.004467912292021728,0.004418536546998554,0.004435777637378143,0.004430828156295527,0.004427939307201042,0.004402889114686813,0.004405935137192373,0.004464414737468615,0.004404948473917414
162,0.004418866711587788,0.004440220392240171,0.004483406885806105,0.004443761022798832,0.0044597304316205556,0.0044489832251298775,0.0044433755795178055,0.004429820016611395,0.004441879105290746,0.00444601489899735
163,0.004403640262413932,0.004464762727645706,0.004457842579694155,0.00448071023588103,0.00446744060458944,0.004485159297582014,0.0044900778077987275,0.004445737810683203,0.004514517238185009,0.004483138102849428
164,0.004437091172704247,0.004475234626705358,0.004561561050101625,0.004550105657355571,0.004505785808400628,0.004475944611088682,0.004485263378923107,0.0044989310921280876,0.004483229953670169,0.0044824966944659065
165,0.004480772053772956,0.004506121799158387,0.004558841107252096,0.00451920505378605,0.004561859172272835,0.004523828974936434,0.004518581006884155,0.004542739926075705,0.004504790439735605,0.004521173179781556
166,0.004496779766411555,0.0045585400886740245,0.0045895413044099425,0.004541698397082021,0.004605956363110783,0.004540056184649857,0.0045384924570107035,0.004525575841234484,0.004611404706062451,0.004542806696402995
167,0.004515924182570969,0.004568299501028628,0.004584276229879884,0.004571003288050604,0.004557894870848045,0.004569216419103039,0.004570144414102562,0.004680891543371157,0.004555447578665812,0.004592457905775341
168,0.004568988379404135,0.0046721861894923064,0.004636882302981041,0.004595705072299206,0.004636244964155231,0.00457813360988938,0.004599923336480961,0.004587706925432213,0.004616650235028196,0.004663476830988408
169,0.004565162775093712,0.00462916451652231,0.004649209918293867,0.004647399728702348,0.004632061809812136,0.004639253554655947,0.00467169193697377,0.004701036019276451,0.00464999252594202,0.0046538679697059404
170,0.0046434608087690486,0.004690025251205084,0.004654014796081696,0.0046698059153666895,0.004646944861947297,0.004675884351811701,0.004669526118030584,0.004756398674243991,0.004659629654550919,0.004651082783344482
171,0.004614533766864922,0.0047082596526715976,0.004704101908986782,0.004678972675556366,0.004733861892403549,0.004701364522663818,0.004682974773112039,0.004719911468486415,0.004728959532337883,0.004697492532198607
172,0.004691068663552695,0.00470258255436546,0.004701405588990895,0.004698676070234083,0.004709093111232654,0.004738294099598591,0.004705173395841198,0.004698925296373862,0.004707893683895139,0.004735411864519196
173,0.004698506426072762,0.004713975979231889,0.004719421103098232,0.004742741764192559,0.004756115808995321,0.00471086270151875,0.004734111622048901,0.004759265028845047,0.004778131056564392,0.0047807118588438
174,0.004654190861316526,0.004799286206060909,0.004745459388798612,0.0047482734494669375,0.004743440324439653,0.004817299624104013,0.004752913310271442,0.00476478593698065,0.0047493705195264125,0.004749826162762503
175,0.0046593598976957685,0.004770953221299906,0.004809858354077697,0.004753018420035068,0.004787795813541298,0.004766655978407951,0.004769410155779443,0.004785023542622414,0.004793931692446397,0.004785667626770362
176,0.004722827004761039,0.004789330576585779,0.004814056166660477,0.004818660613332673,0.004780925711296094,0.004806305145864152,0.004781791728732091,0.004777782167009925,0.004823651028961136,0.004807126158459798
177,0.00476995004575313,0.0048125981198968324,0.004792720140651699,0.004833880225694401,0.004852807756634463,0.004808867906701706,0.004820800565110169,0.004863200393826397,0.0047963417996239035,0.004816053413796708
178,0.004784995199185216,0.004889157188285034,0.004840617215637911,0.004851340025182708,0.0048490350666392686,0.004818337142818806,0.004834069734555475,0.0048186859011654665,0.00482188603124229,0.004857950848860859
179,0.00478364528563167,0.004848743176033139,0.004847703555790323,0.00496496579374639,0.004852959374479994,0.004935463197848187,0.004839418380762846,0.00488484455787522,0.0048805692637552255,0.00485611252925208
180,0.0048181147379820774,0.0049069970369538096,0.0048902681266514,0.004937363149765895,0.004967799310245422,0.004918125491377318,0.004902115115366803,0.004899280589688619,0.0049418798824172865,0.0048947124475358615
181,0.00492443197034303,0.0048199595117467825,0.004828012757818809,0.004877949927802239,0.004867049951246379,0.004875486833900657,0.00486475643482642,0.004906395805118912,0.004916538174292578,0.004899115085999763
182,0.004765650636411962,0.00491399118511475,0.0048975128839887465,0.004853525881164895,0.004884333542603384,0.004932471959370267,0.0048784703670584255,0.004909630444379069,0.0049223765741712245,0.004904430106522406
183,0.0048255438428427295,0.004946523448653085,0.0049340545577892135,0.00488105330526642,0.00492756501136475,0.004912290166488044,0.004893173435250425,0.004923954235507875,0.004912031068385074,0.004891574932351489
184,0.004901580164072598,0.004922448295454035,0.004928052644902072,0.0048997564832704964,0.004935520307110301,0.004924725098311835,0.004950351020922898,0.00494615261707444,0.004941435026424514,0.004909982880652858
185,0.004918762212419961,0.004962948577023743,0.004962865140072155,0.004901891747595538,0.004978271434642097,0.00481677193696653,0.004966940482814635,0.00496273417009986,0.004947443082160677,0.004960242691524915
186,0.004897978543426542,0.004944505607379268,0.004969158394192604,0.004923355695509921,0.004983320325006822,0.004982718425269666,0.0048646358511434664,0.004951587494388118,0.0049935350679396855,0.004970364750589247
187,0.004888159694251376,0.004965968576835054,0.004938631561463105,0.004947150737706893,0.004996022074998487,0.0049506432915462735,0.004943297831825055,0.004954016021123509,0.005040277821509181,0.005000478580401544
188,0.004928519557008987,0.005004992637868268,0.004948755571545238,0.0049168408183994546,0.005019486669309099,0.005031967551025246,0.004864805139725056,0.004977088316600045,0.004964301265852647,0.005018983030763801
189,0.004950633475353735,0.0049971688826095095,0.004916482144872627,0.004941756594464127,0.004983679842214986,0.005015709146345842,0.00496231501875367,0.0050395355744755135,0.004973179088667217,0.0050205724047911425
190,0.004874905051240285,0.005020760187531947,0.004908500624968218,0.0049736683668740326,0.004997666627368236,0.004931465229436049,0.0049935149036898835,0.005001430938852521,0.005048778363374445,0.0049825057293554405
191,0.00492025717772279,0.005032381274176521,0.005040830547972261,0.004931311112827666,0.005055244440287137,0.004939532046521431,0.004920688391097172,0.004973970648009265,0.005122526237481011,0.005030169655905236
192,0.004922896831559946,0.005004905024470355,0.004993641493595262,0.005004310196437311,0.005058606553400578,0.004900417122278685,0.0050384027170839035,0.005057486567866523,0.005041853041272738,0.0050349544210724784
193,0.004965519846038657,0.005049133328904477,0.005023963305052023,0.00501625808615183,0.005021560880066308,0.0049966258363831955,0.004995847333724658,0.0049735315893914426,0.0051104714299718395,0.005031584352263822
194,0.005013771511923525,0.005033364585854769,0.005085337589626859,0.005038371694586653,0.005034018720283711,0.004990970535224873,0.005088367939924345,0.0049936641098570385,0.005058383393328966,0.005103779438585189
195,0.004971744805271371,0.005051852404166174,0.004997229400554072,0.005066437071347126,0.00505304670083381,0.0050618496032605095,0.004996031292612276,0.005030242195717206,0.005099114126478105,0.005082488229540209
196,0.004978877293860754,0.005063481864842246,0.004980501909442042,0.005110637955728746,0.005051085420783017,0.005045178411169798,0.00494357079222388,0.0050291715887070335,0.005097279265035547,0.005125626963104294
197,0.004973981907621095,0.005053419301140486,0.005056434819114718,0.004996673720918861,0.005110806080614629,0.005147057207578055,0.005014680070210688,0.005036060839610907,0.005046396485256614,0.005059351100427419
198,0.005047402482755247,0.005082962423376417,0.0050654715059849755,0.005025604608310266,0.005082945171951968,0.005042324886752588,0.005123136154134963,0.004953463623421436,0.00506842308149739,0.005131253435309318
199,0.005059290893330845,0.005073923180045244,0.005079430301415995,0.00502212343228615,0.005166640498267771,0.005061553091097205,0.005056076667956943,0.005070516921092787,0.00509750439778732,0.0050776383219175
200,0.005065133030421891,0.005135824293281486,0.005078116075204157,0.005078180664371343,0.005077314376503366,0.005044104520857382,0.005066592574723867,0.00511668278903447,0.005143434572824765,0.005107879953917205
201,0.00502011856785002,0.005128253598092852,0.005116835799452807,0.005099274059186716,0.005117106336125214,0.005072276407359344,0.005058782011665718,0.0051286792928709815,0.0051346242586111,0.005109332849972256
202,0.005086214127127089,0.005125764808621198,0.005139197093087807,0.0051095873307857595,0.005164469817221347,0.005078281650471837,0.005023717903088619,0.005145837499575785,0.005107377774279815,0.005127252680776951
203,0.0051001002742867415,0.005144768005800097,0.005178858297463661,0.005151573670425039,0.005142326346264746,0.005110037078525787,0.005102831745929944,0.005149587173790143,0.005145568175491944,0.005145115421902685
204,0.005104376720115734,0.005138082111331122,0.0051416559556708204,0.005146871817230092,0.005159732336781954,0.005131121082222922,0.005163428053257225,0.0051624141014941,0.0052436224794423,0.005204663799926696
205,0.005125826283071332,0.005166399974035941,0.005182521682378657,0.005217373238276774,0.005180620909216423,0.0051274277544749456,0.005100185960479009,0.0052071068796349,0.005251925413749201,0.005258862045351422
206,0.005163616179664305,0.005222533507999717,0.005233762071487424,0.0052465683609558365,0.005208789377881991,0.005151718115667665,0.0051723919531637946,0.005188553004313926,0.005187889793231721,0.005251797338287762
207,0.0051715856807242905,0.005270295022121946,0.00523880578415946,0.005197666528310085,0.005213842708803785,0.005274430697821103,0.0051538497212693735,0.005315083238047497,0.005322650981304832,0.005220548358370026
208,0.005210978565163955,0.005255475514103002,0.005252768164864173,0.0052459604512623825,0.005259925726142996,0.005242735930151592,0.005258726338968706,0.005322756870265383,0.005238992993635888,0.005254699791324081
209,0.005163791100878856,0.005263469149554624,0.005310128948362153,0.005326999304654219,0.005339258510094487,0.0053320030932357135,0.005155690692589729,0.005357979259688088,0.005266963465051737,0.005270429193804319
210,0.005218949286851603,0.0053132001039471145,0.005284935748401673,0.005359522957092136,0.005323786315369904,0.005327424021302786,0.005347516865647213,0.005298973968404611,0.005374308462093839,0.005396890465243821
211,0.005239065591055599,0.0053540918870260655,0.005399702632999382,0.005353481667586995,0.005379454211187213,0.005397928054394979,0.005395292860168341,0.005411713914662181,0.005392564642532521,0.005347486350251396
212,0.005289235602567256,0.005379230897719092,0.005391781577668166,0.005429950007007282,0.005379304631890911,0.005462624737386691,0.005298781891044446,0.005405486677212688,0.005386734212883995,0.0053906581158741996
213,0.005354571077144654,0.005446416177683376,0.005429600658785069,0.0053601655995058565,0.005399424894086804,0.005413962479345387,0.005363105386110552,0.0053949953731272995,0.0054115425514571144,0.005454818959902073
214,0.005372427420003275,0.005507365134835146,0.005394344359847166,0.005388441491977081,0.005437608395006797,0.005444701924650955,0.005359891119861332,0.005367906939403532,0.00540717414114817,0.005478694757101143
215,0.005314824481075947,0.005494216631204624,0.00543783674285525,0.005325375101673899,0.005417921776067014,0.00545292092959342,0.005382996219973183,0.00539495755157556,0.00542282847858806,0.005431278758758728
216,0.005381897458595065,0.00542374575900437,0.005375160158803629,0.005413496218651091,0.0054169381414162785,0.005292529530701658,0.005409883011167652,0.0053591207771639835,0.005491514822487839,0.00541216841805027
217,0.00535771669717216,0.005426520508988513,0.005425878052388885,0.005356501806393643,0.00541478211365747,0.005481524017116321,0.005375945774192308,0.0054600975851530195,0.005416315132227057,0.005449430841031789
218,0.005357217920752819,0.005481459849818369,0.005393015305489768,0.0054279192324443145,0.005529935557001345,0.005354617132653835,0.00536276409097716,0.005390589239719334,0.00548832972222235,0.0055315202029825065
219,0.005466356406571611,0.0054360513497803496,0.005471281394857792,0.005413014748776876,0.0054630044056042095,0.0053947788882929126,0.0053834860268002355,0.005400987454603421,0.005434622470594931,0.005570375507893618
220,0.005417675505803998,0.005474822733525923,0.005514292065114575,0.005444555574409826,0.005475713271562021,0.005333135811309836,0.005474239284369684,0.005436329736958896,0.005464513168817839,0.005513774620078756
221,0.005430850783160809,0.005461841788108252,0.0054527798233048935,0.0055443821871026125,0.005539719862019753,0.005390885572960569,0.005417169737588176,0.0054199246161780465,0.005522006884308286,0.005548739864782407
222,0.005449657425664506,0.005480648356905527,0.005402731591050304,0.0055195528114063116,0.005488160271456389,0.005482256903649406,0.005506872725407647,0.005501593386014958,0.005502566067384628,0.0055175430321849515
223,0.0054902042841795265,0.005485674151401591,0.005475497914752195,0.005455841955116874,0.005611087098843053,0.005478792770930666,0.005461566919648971,0.005454193070593624,0.005548890940117314,0.005424042068076258
224,0.0054885149132786245,0.005535106334799558,0.005526451148002227,0.005386170812741737,0.0055494883705593705,0.00552138639896439,0.005465453296225388,0.005499275000359639,0.005489799148922117,0.005538685874275387
225,0.0055280288167929735,0.005547647850561759,0.005553331850993966,0.00554032328627745,0.005420338661141788,0.005552654111336068,0.00543236560198135,0.005522983260168145,0.0055341254806440905,0.00560435108675822
226,0.005466998163345138,0.005531947918758598,0.005483959584162237,0.005552105597284076,0.005487054439767774,0.005515782155529016,0.0054299007194686015,0.005542437470470525,0.005531213627934757,0.005536751586088653
227,0.005561238682015651,0.005591680877902673,0.005433490961168251,0.005431380954796775,0.0054732320503668415,0.005483313108426865,0.005463728209222414,0.0055530631000641545,0.005509473532773568,0.00559456971662834
228,0.005488489980945935,0.0055328577424090895,0.005503160807885895,0.005434072964479506,0.005470629116906561,0.005609027768744775,0.005518412643347716,0.00549707850491289,0.00551930920953808,0.005627274334986967
229,0.005500918098265355,0.005523283461047685,0.005522642693560349,0.0055343026279531995,0.0055487053306363,0.005529519672568963,0.005530869611341626,0.005533858406031035,0.005546229136569221,0.005599510641170468
230,0.0054935683497878566,0.005587869262379209,0.005603124508227474,0.005575514495908626,0.005548520997061049,0.005546211665342784,0.005619668097629917,0.00554328298218994,0.005617878061354942,0.005546158020696535
231,0.005557895860130345,0.005573117854339562,0.005663995852750788,0.005570867066896952,0.005626189638715066,0.0056196846557806,0.005564017206509328,0.005578671822095301,0.005587981691228022,0.005638818897152958
232,0.005556096172394916,0.005641729376783007,0.005493584852304179,0.0056388158008856305,0.0056174978205573555,0.005702636277856847,0.005569482965412345,0.005679617502516335,0.005677770111533453,0.005655025885489109
233,0.005520643825974765,0.0056861230012395115,0.005730160236131149,0.0056890257353055425,0.00570343173883971,0.005679662553451652,0.005578507149080066,0.005718492731977489,0.00563121679877948,0.0057447406536124184
234,0.005584928426590767,0.005712716289760357,0.005725212093793404,0.005680875668121468,0.005698671313699136,0.005683942126056842,0.0056455255735234555,0.0057272881937640305,0.005709662379051645,0.005724531072241902
235,0.005670679260412621,0.005791367677717747,0.005605746435712068,0.005753465373179487,0.005722757199857724,0.005798564293360788,0.005670106991991791,0.005723147904750788,0.005698373164753099,0.005783164521162524
236,0.005720482356443724,0.005780222627322274,0.005718020262300594,0.005737624015641309,0.005733365675090615,0.005821459893010308,0.005697490144948631,0.005575889998830188,0.005734404440039197,0.005812070137552809
237,0.005623998401541693,0.005841416267616394,0.005668019289171082,0.005823562190025784,0.005795713627501074,0.005734779019145821,0.00570212812303445,0.005661537197394807,0.005733670596427265,0.005773759140905531
238,0.005734343187162918,0.005866026865983064,0.0058211407686339315,0.005667324757110781,0.005840217409095465,0.005789772819485103,0.005737154301599193,0.005822836842176425,0.005752040770254041,0.0058194443126606075
239,0.005742374962830023,0.005799292071561282,0.005820013795178621,0.005716855554761418,0.005751089959200171,0.005810207048467994,0.005756547606850881,0.005840873453543778,0.005896007884741414,0.005793143806847034
240,0.005780381311379762,0.0057987303940160335,0.0057562695481748515,0.005822796259757961,0.005782232838422437,0.0058386682664438765,0.005881638517998717,0.005781865382482152,0.0058088778652661,0.005795528348668551
241,0.005783665832798487,0.005857471877486687,0.005820476601862713,0.005805529677403359,0.005834460600517681,0.005878951762381248,0.005789837558566329,0.005846758314744855,0.005876100952840285,0.005905572725096867
242,0.0058168174708172924,0.005848218471633611,0.0058888332212835735,0.005861580111341431,0.005874706855321488,0.005846562715171107,0.005774082041154805,0.005892707496243066,0.005941329781070169,0.005891273073186304
243,0.00577575955406172,0.005890673224856066,0.005877383001097453,0.005870579302245842,0.005871746599950003,0.005869502856894971,0.00582349135943305,0.005884577731513226,0.005871369308666283,0.005868034264807814
244,0.00583149834796849,0.005933136868853382,0.005915392790703071,0.005881972557340631,0.005867511994079849,0.005898344049827297,0.005751153152970843,0.005893066141658412,0.00586243906200856,0.005864346468414184
245,0.0057476706792618576,0.0059183285259329175,0.0058204049498826425,0.005977773441477531,0.005886662045429905,0.005898007107914339,0.005832382600577222,0.00592455571725256,0.0059022970772125505,0.005900414035563263
246,0.00577622632102349,0.005882488947204957,0.005821599468930631,0.005799244681927253,0.005951838458681,0.005900444994380868,0.00585978505104185,0.005864878063417801,0.005914785966585686,0.005882223591812671
247,0.005838281354702165,0.00596336951392195,0.005913049587989857,0.0057716368849388845,0.005898165622594675,0.005902054404207674,0.00585022637277114,0.005946575686503726,0.005871402748561188,0.005866699838587752
248,0.005827702083301288,0.005916130302894729,0.005925980049497477,0.005891081179182789,0.005908072851405854,0.005892620229205203,0.005767430526925378,0.0059580652629437165,0.005932718297425111,0.005908380798620107
249,0.005842676500728961,0.0059257459814510945,0.0059021271191342685,0.00591741914077369,0.005908836588493929,0.0059607882480331,0.0058901378615598046,0.005911176006937164,0.005929153337927411,0.005900137197481775
250,0.00586275284979258,0.005971457841261822,0.005907808519734088,0.005945231662431254,0.005930853737754348,0.005926484549642039,0.0058479363228898604,0.005996567399769858,0.005996695210400562,0.005924507531371469
251,0.0058072264744208815,0.005965994946577316,0.005984079485158381,0.0059360272256169504,0.005950209742505994,0.005963112092715763,0.005861859068743283,0.005963089158685231,0.00602818319236352,0.0059350183233985564
252,0.005923159776798899,0.005996857907785934,0.00593062193437302,0.0060204534330643225,0.006061421239537412,0.0059986174495151,0.005971029817345244,0.005866412456249081,0.0060018526233794065,0.005998798289569759
253,0.005964820266614413,0.005999722511520096,0.005988678809790488,0.005909968186963768,0.005979429143057479,0.006034407793327846,0.005965645047145987,0.005946859292817692,0.006099700008708939,0.005990223041690725
254,0.005973209374294523,0.006006091571556224,0.00591009035123056,0.006048875001414005,0.00593501476513648,0.006015208926577928,0.006043245711451969,0.005879253696452456,0.006045205819616723,0.006045785187071649
255,0.005948699411565302,0.006008624848642205,0.006068288044038936,0.00597196864468551,0.005968534541427969,0.005991591986718263,0.005896015468407586,0.005938728523783543,0.006023594681296049,0.006050472752909358
256,0.005917210860229216,0.006074313906208211,0.005969028236419619,0.005947848537436698,0.006050554071872824,0.006079608074674823,0.0059662505821103645,0.006047268775045991,0.0060091633445551575,0.0060562744394098205
257,0.005975327329934067,0.006044844922060554,0.006010229326451215,0.005939755797076837,0.006074132607784303,0.006022393936507459,0.005971348929799549,0.006049490194923906,0.006019161603462489,0.0060410770866258685
258,0.005908002481213131,0.006060921336114471,0.00593236586916471,0.006020154041760523,0.006007530618645589,0.006017455014745947,0.006088536739038366,0.006034651608071421,0.006110031240033982,0.006144310668014557
259,0.006004673076004886,0.006049919336281257,0.006055629311128038,0.006084486055476985,0.0059975330109766755,0.006165992956652035,0.0060069247479560125,0.006036514396924402,0.0060937847776762165,0.006033158566687326
260,0.005913134941252044,0.006073501310051483,0.006075298580383197,0.006190819329231226,0.0060111678352549,0.0060947102282116975,0.006016956305590469,0.0059055602417289665,0.006093828036110197,0.005958978971122691
261,0.006004553837541104,0.006088517242392468,0.006105516993349159,0.006015933257217854,0.006064997148612256,0.00607975685057364,0.006008662209001946,0.006034251093589334,0.006079514264488841,0.005975836403404256
262,0.005984255622207409,0.006055851954303066,0.005978651039622814,0.005866687091664625,0.00608511442545502,0.006098156470746272,0.00614661697111454,0.006117037919249447,0.0060547731021516485,0.00603834246399227
263,0.005967400072860391,0.006052925544781103,0.006002250904295624,0.006008420723142121,0.0060745602324014415,0.006102436097004557,0.005927163339625767,0.006106203581359187,0.006088600756944929,0.006134398517163943
264,0.0059839188978856785,0.006063540091956893,0.005979477660357337,0.006087373513148939,0.006137028010656718,0.006049949734055676,0.005972793809047009,0.006051780722069892,0.006068521151077138,0.006058326950034591
265,0.00603491174684948,0.006129088807092696,0.006065382806145226,0.005962018643108217,0.006085326398382992,0.006108435118742261,0.00601354333379301,0.0061534314440422535,0.006154208443229721,0.006058305499686165
266,0.006038641138390313,0.006117938915951255,0.006058084062333201,0.006084926465446826,0.006011955855966983,0.006091727785228509,0.006052402755229633,0.0061557275962473255,0.006124390002034178,0.006112683291314561
267,0.006068592975243016,0.006129415317328034,0.006157577857390059,0.0059707126942560446,0.006075767132781712,0.006136674521090404,0.006047053378585394,0.006106323701394631,0.006148360027017237,0.006100617072391264
268,0.006082081376876343,0.006121708751009967,0.006033323169933334,0.006137308692724122,0.006076314191041359,0.0061929362688126635,0.006027881765811821,0.006097622879137751,0.006165224270057837,0.006092752071904568
269,0.006018545718299508,0.006156303703194545,0.006016752796053285,0.006131120511907139,0.006150320947376046,0.006160447065878087,0.005959852733658324,0.006125428976886437,0.0061071297049133345,0.006178669076992591
270,0.006071135002369797,0.006158752774182358,0.005995460808173682,0.006121075633015399,0.006157076409996303,0.006164955300070521,0.0061471333877690815,0.006128919474362196,0.006279363153286323,0.006092650023764995
271,0.006114148022145396,0.006160294890663758,0.006297116688050761,0.0062508094104608,0.0061394777560348735,0.006188779271840411,0.006135745073544877,0.00623354741781394,0.006156159699323096,0.006130893356142829
272,0.00624873090821801,0.006233722755766357,0.006174288034204471,0.0061396807190189,0.006212969996456785,0.006264683847091037,0.006192262348859609,0.006296053264370562,0.006216576371269083,0.006159550434960958
273,0.0061945027061733725,0.006255259318507353,0.006150557450417199,0.0063389162422874835,0.006304811692440172,0.00621687057276326,0.006235241273238928,0.006225351571484191,0.0062478693922487375,0.0062607722575186335
274,0.006135207232560301,0.006252104479120267,0.00611817083671602,0.006200902354057414,0.006297965218321628,0.006290249746569385,0.006306869763156097,0.0063058514601139065,0.00624429218380345,0.006308569086290692
275,0.0062237825882917935,0.006268084322983482,0.0061685077445155995,0.0062208953323394725,0.006335202254931914,0.0062898721264513765,0.006239679879158292,0.006366275118959325,0.006271043373468995,0.006333603210266266
276,0.00615906139322461,0.00627928172196762,0.006274209373297009,0.006197992260872195,0.006326549693055694,0.00630311963700648,0.006239531640045539,0.006324826748169428,0.006288572467656746,0.006116606077817067
277,0.0062066449598757205,0.006318457343797725,0.006370296571211732,0.006237208596380523,0.0062640068531526205,0.006347475920519191,0.006244654718112584,0.006404609919011947,0.0063628520859876315,0.006190136018059538
278,0.006261599981220834,0.006298840843353008,0.006222657745856052,0.006261600986050049,0.00626443305271964,0.006305382352389963,0.00629181879564889,0.006311679831423365,0.006333063014886424,0.006320109278529158
279,0.006324913117800966,0.006348743269141103,0.006250851120338346,0.006346332798118285,0.0062308842801093575,0.006417030070142051,0.006287069016244136,0.006321903287721609,0.00633282205627419,0.006310479417025392
280,0.006321533411569531,0.00640146488317874,0.006286597053443416,0.006292791926375919,0.006291249270662996,0.006386494417122615,0.006282054908186824,0.0063337716475448365,0.0063363888665381556,0.006357547279749894
281,0.006502127316199953,0.006327290272762988,0.006321330872408582,0.0062804339563284845,0.0062685395121245355,0.0064362769476658,0.006287620353430225,0.006370850233125755,0.0063253674013751555,0.006375972493449495
282,0.006186171919829383,0.006417067177764159,0.0063943983566454995,0.006376605757559458,0.006364210997196867,0.006423077008068655,0.006410860868073142,0.00638589525763595,0.006409914015910936,0.006353949388666876
283,0.006313215377416641,0.006383939606344903,0.006384652992835819,0.006398495786944761,0.006373994543421036,0.006378622291493251,0.0064299096007431255,0.006465144901552135,0.006452748828763466,0.0063909637500281025
284,0.006299034541706191,0.006430329787863986,0.006442928652172425,0.006492378934634382,0.006445561806425752,0.0064720848413244705,0.006391758299114619,0.006426505559328031,0.00644702807363303,0.00648594663830742
285,0.00640247924623294,0.0064684784399135255,0.006489450597582877,0.006385900842568061,0.006452224646118293,0.006463176260890331,0.00637752891748526,0.006504707997362983,0.006514550472254949,0.006513835581672368
286,0.006376394848629759,0.006523699013871854,0.006568113264670557,0.00648658779243299,0.006540987238026171,0.006494117412042835,0.006451429824672721,0.00648262627426189,0.006497411954817292,0.006561476449680714
287,0.006477664952980248,0.006609010673708099,0.006476464289619327,0.006462140710851498,0.0065634547327781435,0.006564552671664738,0.00639805859832697,0.006559590129823623,0.006569159686429262,0.006515929245305115
288,0.006457926119669311,0.006545517687780426,0.006462382709121559,0.0065255779521448554,0.006532088661053415,0.006573408511295625,0.0065658682453628246,0.006603748616795743,0.006546839701752433,0.0065478486673156925
289,0.006609658071039467,0.0065521919331816515,0.006492162014781963,0.006681377686171046,0.006543157417131549,0.00659585633271193,0.0065494468685202345,0.006611102424894882,0.00658043687506553,0.006606420623323936
290,0.0065044016624639205,0.006592870908444518,0.006514040180504304,0.0065614733531551474,0.006756020028770791,0.006653913517458942,0.006481493960394465,0.006599704006808785,0.00668655086007948,0.006675097845544146
291,0.006557498444639166,0.0066274430438712255,0.006527937206929848,0.006586497351734922,0.006664356854735353,0.006625601063290005,0.006671113038734852,0.006608356927790594,0.006657458370491404,0.006638657324064392
292,0.006556502746899697,0.006622258015735454,0.006514326555915318,0.00657486239786153,0.006639293744281402,0.006623263404468726,0.006579686908274812,0.006725719101739734,0.006697352415685322,0.006753803198530848
293,0.0064641602209824685,0.006677756652596237,0.0066827685935354824,0.00656708403965298,0.00668919568067492,0.0067286521528948755,0.00658105848946415,0.006808266618491762,0.006724981460452261,0.006695546666301137
294,0.006743663028143999,0.006668656122069257,0.006686805433132733,0.006530006977700582,0.006754310155218114,0.006676795272190543,0.0066472964548198055,0.00675992944097197,0.006714676690228236,0.0068109581186556415
295,0.006674328680927226,0.0067452407794006495,0.006789433754666942,0.006683165210865895,0.006550316418029753,0.006574202705925666,0.006641234697290675,0.006798894310584319,0.006677801481661878,0.006651112549062163
296,0.0066733217377368415,0.00669888096847954,0.006627878455660816,0.006717017177842569,0.006712102065580741,0.0067837232307996105,0.006749322355687761,0.006706676573322914,0.0067525911777839235,0.006710059361640676
297,0.006625156710636234,0.006821189159503858,0.006683388954568462,0.006846695830722655,0.006733677798358105,0.006717873507286208,0.006666137737829603,0.006791175478891989,0.00671367145842439,0.00679691369358046
298,0.0067024785370297085,0.006787899067767264,0.00671319480678919,0.006717134299086784,0.006759185627190022,0.006779224568321371,0.006765627102328653,0.006806021337748333,0.006898625623676958,0.006794695461441266
299,0.006740572833223614,0.006836925552971151,0.0068651475675123655,0.006671738079328473,0.006839167172911042,0.006800401590590425,0.00674119389184812,0.006917012906299643,0.006847299714258789,0.006781294485887532
300,0.006792870694895749,0.006832569465236125,0.00676644107204942,0.006755705766776813,0.006860228322716331,0.006822830384008706,0.006847849364072318,0.006839305711035408,0.006819670977127347,0.006888425149973163
301,0.006783366441807454,0.006849107323388486,0.00673473121546737,0.006736527792173777,0.006846833301294172,0.00686179240477297,0.006728655409405574,0.006921551878495627,0.006863181394993465,0.006838815941802446
302,0.006726857610751115,0.00683472750166278,0.006805589616522608,0.006741810506394304,0.00684831824096512,0.0068920888429759046,0.0068510641713045725,0.006889670658950687,0.006919507193025674,0.00681971250570122
303,0.0066814377358386055,0.006902238280616694,0.0067853384214345,0.006886369028609283,0.006975421278811835,0.006802311525587236,0.006831514684136147,0.006883156996848836,0.00682541681109897,0.00678378724321267
304,0.0068551629424985095,0.006904413107112153,0.006706516038446467,0.0066971154558091535,0.0068522643992840835,0.006931248448770817,0.006841117663790746,0.006836661684796502,0.006845610829868916,0.006909964840837395
305,0.006822785892412007,0.006943683791461441,0.006886526417976435,0.006983715330895868,0.0068545554121185,0.006788599122426381,0.00688124131363257,0.006833112058669984,0.006846665936506112,0.006895984178823836
306,0.0068233618281313135,0.006900219376359939,0.006862653431895086,0.006848473440849844,0.0069750700914589054,0.006908456760806293,0.006879231360396247,0.006882133326115049,0.006953024502186975,0.0068982131978977835
307,0.006864913980225241,0.0069247257795302915,0.00691067910779492,0.006864747652741319,0.006982617374838378,0.00701088711849619,0.00697981466375101,0.006921752514609238,0.006973572929187676,0.00689891010190701
308,0.0069096082219995796,0.006955629865025818,0.006903608002134752,0.006867683594763306,0.007100205514079785,0.0069378631833854985,0.006968664856210315,0.006951248804520121,0.00693545150412819,0.00702479722294202
309,0.0070966221598575095,0.0069886162062589696,0.0068899889605732794,0.006853074749030168,0.006850149902797523,0.006967536176247297,0.0068763525724749594,0.006939061482416031,0.0069101826637383785,0.007028403624526456
310,0.006895664811583688,0.006975683658514241,0.007093692401460829,0.006946974400842827,0.006985935780973485,0.00702379497683684,0.007058849282126136,0.006998537354115526,0.006962488961366588,0.007034211741617669
311,0.006938001613078659,0.00706660212686283,0.006925613443198061,0.0070395791708620335,0.00704871016032029,0.007031847471545886,0.006848643806900848,0.007029325713783786,0.00708082970611476,0.007046089364867608
312,0.006977475829089865,0.007065989945421585,0.006965552782752002,0.007077041220846201,0.007079365588996988,0.007017743080809635,0.006973853746825873,0.0070200702832419306,0.007048796752526644,0.007034681233811477
313,0.006944828263060324,0.007029085802024099,0.006954122481730581,0.006954207299169198,0.007063754696080596,0.00703310271055683,0.006917020612536228,0.007047539217186965,0.007131655944819286,0.007033685210772113
314,0.006953634506122982,0.007025313973927716,0.006997411246264156,0.006969942472634452,0.007060782339501205,0.007089260168228612,0.00704501960944512,0.007068590706461535,0.0070475555381846605,0.007029077336338256
315,0.006900659240558555,0.007058010189681948,0.006932874677109247,0.00699297567846023,0.007048980809326896,0.007099128983407974,0.00696569274955421,0.007091150781995962,0.007098984705410184,0.007050178051804471
316,0.006969778083613027,0.00716361505177766,0.0070028288320888215,0.007009018355811235,0.0070815339511128995,0.007060299021957511,0.007071842564549739,0.007099842500256137,0.007116887634300222,0.00714035097239205
317,0.00706736358782572,0.007082859167695185,0.006968672274888686,0.007027978861751215,0.007118466596614738,0.007131740256819308,0.007176288791871943,0.007076442571035393,0.007183283238841345,0.007104987662618872
318,0.007161444548079013,0.007178843656844321,0.007037765270218454,0.007142276792107377,0.007160951191045811,0.007111494974816265,0.007004601118107237,0.007217043201482843,0.007189685625529451,0.00712369293572282
319,0.007106718727258447,0.007158578417477753,0.007159852965234583,0.0072273132959986925,0.007202423998856413,0.007205675431465114,0.007066961821216778,0.007222912608372284,0.007063920897213669,0.007226300451290551
320,0.007104697199906815,0.00721861719175549,0.0072400143548167996,0.007139906405825112,0.007172016493703869,0.007251564046889923,0.007050888289430929,0.00721709196657702,0.007155104942832387,0.0070832918182707994
321,0.00715779170008673,0.007183517544145528,0.00710520780120076,0.007081622346591824,0.007240558091414385,0.0072358587185346905,0.007171517315539733,0.007203634642352796,0.007141167372636533,0.007218672632717471
322,0.007216818257335477,0.007191127016767829,0.007143493058090971,0.007093726081787124,0.007222576246608982,0.007175127735275615,0.007214633853379129,0.007264050987539114,0.007207462745862483,0.007193464542176056
323,0.007117650008661238,0.0072346503674067695,0.0071526862246447465,0.007173826943937532,0.00730125532458751,0.007256487754167067,0.007327662398543863,0.007216357638939395,0.007219350458063422,0.007225995979580234
324,0.007182654358027261,0.007228966380415635,0.007221680335955658,0.007082500744343868,0.007272559632047105,0.007233578889823426,0.00720349063463787,0.007262168630040696,0.007269644469357667,0.007247097588884542
325,0.007193366181436022,0.007296189957998714,0.00721895866472854,0.007224467808797375,0.007290434992924242,0.0072531682986803885,0.0072160079710993225,0.007367736720960907,0.007381493639819504,0.0072651264109167115
326,0.007219002409720609,0.007311414879008152,0.007283359574336728,0.007382621770232852,0.007294621479272789,0.007335292549310159,0.0072526558250447445,0.007271401585361594,0.007243353763581839,0.007290424311508759
327,0.007248820782671538,0.007310681878695012,0.007338955538906058,0.007224972057661523,0.007363849350183205,0.007353566527431022,0.007285323248873433,0.00729670397804993,0.007274901792978224,0.007384975989246958
328,0.007246256233690214,0.007353355258561739,0.007361473936745423,0.007286748063104172,0.0073999426144679145,0.007334702911990023,0.007241396581069216,0.007375037470820039,0.007356609373466169,0.0073607078724657205
329,0.007292445626153296,0.007332339087829273,0.007294358893755752,0.007223102702991197,0.007398510095086294,0.007375754471990945,0.007378936408309975,0.007353376131524546,0.007394834745783721,0.007395910057757177
330,0.007222608286819306,0.007363900151589,0.007286336369950721,0.00718530506194621,0.0074796190296522935,0.007352550084144907,0.007331007106105299,0.00740402554154834,0.007317058622060124,0.0074296641519081014
331,0.0072965378451123105,0.007402583379980399,0.007297332070418976,0.007306730694366534,0.007432914410356703,0.00733971523786421,0.007243814668156097,0.007369533731099328,0.007320795118689396,0.007374426071457089
332,0.007269720002575452,0.00738329319030237,0.007168849572780377,0.007307904168508519,0.0073204655994737215,0.007451571881282309,0.007311896853420824,0.007346185742758204,0.007258389432337477,0.0073561708927557725
333,0.00734173793133666,0.0073786718271328065,0.007354036602330359,0.007309388421446566,0.007266720940990649,0.0073869929999987255,0.007369221999289069,0.0073979930219606966,0.007269893233380951,0.007326279420218385
334,0.007322142106805516,0.007220023985556629,0.007372494514654961,0.007345489443702563,0.007317387038112183,0.007424711935011087,0.007252841742367481,0.007355650536297509,0.007391847990295807,0.007394177619484806
335,0.007337442916098151,0.007418011199951303,0.007332930106931787,0.007305654667134414,0.007293950660934943,0.007371017285604708,0.0074059212289561555,0.007342602887961889,0.007453926487036473,0.007484057553116302
336,0.007290229277755834,0.007404166302153267,0.007367321779256547,0.007413730876009007,0.0074315939433536185,0.007380429872220973,0.0073158797703321695,0.007394729793233947,0.007456987114184388,0.007447128812000642
337,0.007350532033495786,0.007482965623697779,0.007315676254711576,0.007424539690790718,0.007380772391542063,0.007485517784334124,0.007378104820471487,0.007493884378203588,0.007375936743124156,0.007395633505739827
338,0.007331460534982294,0.007414302250305558,0.007314433687318026,0.0074358813041598085,0.007390687823665087,0.0074430478635936145,0.0073548232526278925,0.00748911194871778,0.007417022313974838,0.007508775097896427
339,0.007440886224284923,0.007447494577279102,0.007429613748538145,0.007340517306513671,0.007331157500199573,0.0075433187278991735,0.0074030003381076355,0.0073809251508402665,0.007285934224277635,0.0074557316799642006
340,0.0072973020239603505,0.007415548107106026,0.00740617507292215,0.007360990509971901,0.007463101285286896,0.007471094835916903,0.007307158064473555,0.007383002761977481,0.0074728651506253295,0.007467827495260245
341,0.007404000918777904,0.007412393095717329,0.007505590981058107,0.007382005873290558,0.0072752989122438685,0.007582678639674747,0.007236821878505046,0.007363555788970611,0.007431898015959593,0.007431985591727932
342,0.007362848668161799,0.007433747366424418,0.007356242338640696,0.007499201433727624,0.007434393721417977,0.007488313193504392,0.007397406317626433,0.007539545286029256,0.007424532382627598,0.0075457840051813925
343,0.007377251469672496,0.007522363889458063,0.007381143748333096,0.007407485830363197,0.007464206575537461,0.007490294353274806,0.007587018748450875,0.007351568852609614,0.007502767886233455,0.007610632877135394
344,0.007495554814661385,0.007478858584085801,0.007433082175062211,0.00755060490630494,0.007577285538074748,0.007494831832389818,0.007289466583167438,0.007480628222667439,0.007585308412434621,0.007527177444253323
345,0.00755163641520538,0.007530263368871731,0.00743298424525513,0.0074714000329494145,0.007517081394315447,0.0075362293112398,0.007410077857064282,0.007611416748253431,0.007559228515255517,0.007514538090982152
346,0.007509426056207831,0.007515365528939283,0.007553080854430753,0.007491925628671704,0.0075713644335218076,0.007660063145254673,0.007486131261953025,0.007539643248535975,0.0075297861926473374,0.007602037950955675
347,0.007451611257267473,0.00767292799506311,0.007582603029075233,0.007526224555748956,0.007588273522291417,0.007554918640004569,0.007476973258335334,0.007558190231759012,0.007598011170567374,0.007623419051416744
348,0.007431509837639862,0.007674803740575425,0.0076232118944777666,0.0075297181897330135,0.007634771316724778,0.007572375826678167,0.007507553036844397,0.007586875979411847,0.0076448171609257674,0.007623795437819232
349,0.007567294077404522,0.007604088376340179,0.007469325483732655,0.0074516212734537755,0.007616552153817262,0.007607971612819938,0.007566237805169058,0.007602184902050555,0.007611392114302381,0.007612665611356268
350,0.007471638328754526,0.0076125138859105155,0.007521083808294382,0.00748883371100133,0.007609924282946178,0.0076131419988543746,0.0075607056261184835,0.0076914160899479245,0.007614550320123026,0.007598485571758666
351,0.007564982750870803,0.0075071509373642,0.0076783453781797215,0.007564522000101638,0.007638536467535463,0.007729765987282683,0.007526355925611799,0.007578087974804122,0.007608827088702082,0.007623697038046344
352,0.007514042679962934,0.007607209655114168,0.0075800288279771885,0.00765859820346931,0.007608422209166381,0.007726537234753685,0.007797046851851357,0.007570485059101632,0.007608469284369232,0.007640200923220867
353,0.007660299058129483,0.007679809982071045,0.007624066596328184,0.007700318035667659,0.0076466922667377275,0.0077062269816871275,0.007478000312603013,0.0076471816244785195,0.0076921783959448846,0.007742311620727859
354,0.007723736769788942,0.007659664722030869,0.007576601972761932,0.007625691910647519,0.007827133299523172,0.0077656157652693574,0.007512870052523655,0.00777706552796984,0.0078040360519407255,0.007663005154759096
355,0.007680958139240861,0.007733738836175475,0.007533723294942423,0.00768231734083467,0.007777474920479177,0.007723959400754942,0.007593830513310964,0.007716535041775906,0.0077522194109472245,0.007750321527258732
356,0.00763769613100831,0.007736131239708759,0.007673922874791421,0.007580240024969326,0.007721529446452517,0.007733009906150652,0.007684267457570323,0.007632359195388605,0.007704097469954181,0.007756683922541414
357,0.007549931494298823,0.007696154517513029,0.007729475849786761,0.0077075402226091366,0.007777727223585701,0.0077617625596682295,0.007624741291498867,0.007764417113987227,0.0077819750363288176,0.007719693091207097
358,0.007705793941040375,0.007833525689490355,0.007657458242551386,0.007703352161993622,0.00779953581487656,0.007774124819766499,0.0076605559432713945,0.007655749108527675,0.007796946760393762,0.007750785033672993
359,0.0076900140917300405,0.007740220633898451,0.00774507819649556,0.007723771402746614,0.007761447380276104,0.007786196876014244,0.0077138133994591376,0.007689842796567127,0.007780058811811358,0.007771531391103723
360,0.007567290408909528,0.007764035008160247,0.0077121588721731586,0.007693262059684668,0.007851527822109643,0.007823535971038945,0.007836633473231236,0.007714872250345387,0.007741766401506837,0.007656194598850063
361,0.007697991458544,0.007785687912147677,0.007854240993961124,0.007751529603956688,0.0077766514432945424,0.007796390947142941,0.007732771236833307,0.0077809663894373845,0.007787224475564947,0.007712405549540481
362,0.007799868164009572,0.00783082555585749,0.007712964952996578,0.007814682575629025,0.007806191797574709,0.007781505906368069,0.007736432821369001,0.007794278329285281,0.007806109796215297,0.007783140702247849
363,0.007783581736152388,0.007892082617265843,0.007768524486495642,0.007806367928154051,0.007886518984380446,0.007803679397459313,0.0077824781519663525,0.007841051509552513,0.00784072075876,0.007888457485057026
364,0.007882317791962844,0.00797762333436409,0.007787781275940091,0.00799316074734675,0.007878451749360298,0.007999299691502548,0.007795311005924723,0.008064105423891904,0.007870781534855788,0.007829433595060747
365,0.007887031154009957,0.007911125747396754,0.007906650331702986,0.007897541596374307,0.008005983786139186,0.007999415616047603,0.007831159504472222,0.00785272187867245,0.007984377586624434,0.008000077937607925
366,0.007864067899924469,0.007952583183316035,0.007851663230257187,0.007973322444650204,0.008048256500759531,0.007997540022188778,0.007840439101247015,0.00780389141428806,0.00801311989138073,0.007984169302888061
367,0.007889507258727587,0.008006003691442646,0.007971912013023882,0.007837036791624641,0.008008256213885723,0.00793671228484341,0.007847717903505125,0.007848719730017812,0.00808477203560065,0.008018481236388812
368,0.007941891175281114,0.007973865652977915,0.007898738357216502,0.008080461266110905,0.00803036983141201,0.008063998295096462,0.008065346150071678,0.007998623589770581,0.007962468460740323,0.007904082902956218
369,0.007892089732392306,0.008060679334213939,0.00807621672952179,0.00788801524733164,0.008078980302249041,0.008083420515992505,0.007983481228757614,0.008017039272420416,0.008115632662950014,0.00809224567725773
370,0.008086938508138554,0.008139012368840251,0.008024489820642345,0.00789395883711623,0.008078988926743224,0.008030640519071378,0.007990880752135552,0.008152250913047634,0.008141482791724318,0.008081515701549899
371,0.007973812094369476,0.008146462607988934,0.008108017966624402,0.008061478335993121,0.008146960230884551,0.008138829234274461,0.008054318346220586,0.008084579073940007,0.008121749946954908,0.008151783295178603
372,0.008007706908335405,0.008099519141792291,0.007955158713177635,0.008125791332862517,0.008220723986940823,0.008222300092022773,0.00807954649651958,0.008124247120035386,0.008127145636518467,0.008172561460674127
373,0.008113416314645891,0.008145512916923003,0.008121991737289872,0.008147408477752027,0.008125271794424177,0.008185109134963975,0.008106173300057216,0.008203149783318738,0.008168894961812438,0.008153303529950126
374,0.00798912621478705,0.008182937813904244,0.008163979877973005,0.008183693713779343,0.008204652870628049,0.008300097149329135,0.008132792613293683,0.008092959640958753,0.008147699728864982,0.008123460015725642
375,0.008060303015433925,0.008205926024181458,0.008196802429212726,0.00809716179543171,0.008253047800558922,0.00821735524485394,0.008030098071564972,0.008147203348388631,0.00815861596493313,0.008165714618092672
376,0.00809278872656721,0.008228502904052502,0.00808402632788955,0.008088678499977084,0.00823477455311999,0.008154625974973998,0.008103139564732957,0.008062708182235758,0.008217930822766676,0.008136072057050992
377,0.008067077735755955,0.008146149335699383,0.007923072947929391,0.008095153593112732,0.008205500754428465,0.008250122255641383,0.008109869901488783,0.0080529077309826,0.008267429520383672,0.008085919772645932
378,0.007980702476031509,0.008060403232328388,0.00814567461462485,0.008112829870781359,0.008178256742551375,0.008189422890717914,0.008123051036162031,0.008165873077389446,0.00812606217291109,0.007984142764855973
379,0.008039026346421153,0.008122355797218416,0.008030247188385523,0.008078459619601939,0.008107939570710024,0.008107026634719438,0.008168583819435013,0.00807778423713666,0.008129195939978497,0.008179691660160214
380,0.008204752698554585,0.008253524864030987,0.008230501942902417,0.00817450449539347,0.00819870432539533,0.008048756639522044,0.008055513425511831,0.008139401833512905,0.008099927886310454,0.008048682543098436
381,0.007996844512920936,0.008189825323112267,0.007917569197897021,0.008215414544119953,0.008210792730404062,0.0082149604586765,0.008371269633670861,0.008300741588025105,0.008222652598899207,0.008198899767838032
382,0.008140793612313098,0.00824068465046335,0.00826596817254133,0.008207382062908882,0.008206362669140235,0.008191937654101896,0.008167944779327658,0.008272161380596776,0.008193869368926174,0.008302415883646056
383,0.008141089437838601,0.008255104184445186,0.00835583502946404,0.00828376607776116,0.008386494917846262,0.008437974681391435,0.008174659349303504,0.008272895137831212,0.008287660783197641,0.008261792434787328
384,0.008246103661280611,0.008436942499443364,0.008217401818328274,0.008289360105902883,0.008342077533501715,0.008322387681880818,0.008207949733017155,0.008373768928891735,0.008297211441229298,0.008338301807338924
385,0.008298789850482083,0.008357995437557672,0.00808688082417423,0.008309492606831153,0.008326991743139759,0.008429654239849114,0.00830541211755216,0.008312766794039526,0.008495032122395323,0.008361013379364797
386,0.008297074397814016,0.008356299169006182,0.008294077758714073,0.008395813187462043,0.008383939361380875,0.008450376896451487,0.00826176464312984,0.008370258784097011,0.008361957905732761,0.00835827916331846
387,0.008323511258402838,0.00840148855199576,0.008379614638532512,0.008334859427187143,0.008359348522194473,0.008463439916558343,0.008327421125120912,0.008429188367864783,0.008439595703257906,0.008405731883956744
388,0.008315816501019915,0.00849676834021808,0.008370682792267289,0.008234319713795256,0.00849872897183504,0.008390724989287893,0.008355978976242726,0.008428956875936552,0.008525635484699323,0.008451868475069586
389,0.008382825962586084,0.008441819224068453,0.008372422252556747,0.00840108895608576,0.008432709475425492,0.008409707449929523,0.008401671254970497,0.00829297594193984,0.008563016379078556,0.00847489451445709
390,0.008523333268158134,0.008585758502314944,0.008405998527454786,0.008361701883381681,0.008320254317632154,0.008442419545304348,0.008379722058105771,0.008401315262793514,0.008344994903723292,0.008433591908982237
391,0.008403149138151446,0.008494432273707319,0.008530378671661077,0.00850131372143406,0.008461597833324298,0.008463347702431649,0.008470216248850214,0.008469875233349765,0.0084438378417026,0.00848038068395055
392,0.008409030809838252,0.008489190615861189,0.0083905494341581,0.008535458759408823,0.008528457067882394,0.00847659443167428,0.008666835639692465,0.0084801250097311,0.008495962803436506,0.008570650996700869
393,0.008489263534791819,0.008508342263813952,0.008461356373678335,0.008578834854947167,0.008611614624587037,0.008512739102972993,0.008495219921624362,0.008520631602499317,0.008692363636972756,0.008535116309001308
394,0.008510599482814338,0.00854358190479007,0.008515200808230998,0.00847471239564513,0.008578854410506919,0.008666591217526646,0.008465987096961017,0.008561071651788701,0.008570763740733138,0.008657052269571185
395,0.008440717787614266,0.008710154923279373,0.008574771631903103,0.00850505830273546,0.008604059193096541,0.008582566491389101,0.00844731106607756,0.008654649187754163,0.00860620209975061,0.008602239909381089
396,0.00853856316043913,0.008605781716422511,0.008515290989636182,0.008543267242865846,0.00858693218136256,0.008613239616047475,0.008568274103802525,0.008681676858750195,0.008590815328320697,0.00859300908665459
397,0.008569920332158929,0.008628417437191935,0.008735350991723451,0.008434372489817855,0.008594729861190803,0.008633106933718226,0.00857714951067748,0.00862372059938752,0.008650075101623524,0.008658507308867405
398,0.008601193106752092,0.008732736601713021,0.008496783895211212,0.008528071699853054,0.008636157615021489,0.008668103853844382,0.00855756929516152,0.008603899123769538,0.008635263695072077,0.00868707035561916
399,0.008507239591630316,0.008629002517540606,0.008560909803376647,0.008766190473233728,0.00862998124104875,0.008617886645559222,0.008570857125898725,0.008700694375205563,0.00870183832867412,0.008676642155435394
400,0.008672983827182356,0.00867639467921921,0.00857876198175999,0.00863171195850237,0.008655136443841265,0.008764537985099345,0.008687605078193253,0.00874863962639257,0.008679045197961066,0.008682455882408936
