1,0.0,25181.288503803524,2747.7735691140256,59241.74176353466,-52282.848456556734,0.0,0.0,0.0,0.0
2,0.0,25124.366909991517,2935.550807956959,59712.80281986,-52641.90673159491,0.0,0.0,0.0,0.0
3,0.0,16572.73392618054,10606.021232206636,59944.8151712303,-51813.28172275035,0.0,0.0,0.0,0.0
4,0.0,10026.508917993116,16451.645301063963,55911.78399636047,-46997.80514737057,0.0,0.0,0.0,0.0
5,0.0,20582.85525176324,3631.936784540118,51801.27300033378,-42346.48793458778,0.0,0.0,0.0,0.0
6,0.0,14285.803720485088,7883.099673516275,51621.15146874189,-40643.765487215765,0.0,0.0,0.0,0.0
7,0.0,20073.159603087282,751.418775460326,49066.52940785742,-36920.59317627645,0.0,0.0,0.0,0.0
8,0.0,23647.558462490848,0.0,48114.18670214131,-38767.48831918382,0.0,0.0,0.0,0.0
9,0.0,26031.8446984055,0.0,47371.74246165278,-40250.066173220024,0.0,0.0,0.0,0.0
10,0.0,26648.12668431987,0.0,46804.83393430883,-40127.28861159351,0.0,0.0,0.0,0.0
11,0.0,27278.896635015502,0.0,46405.33068986726,-40193.39214376745,0.0,0.0,0.0,0.0
12,0.0,27697.85820226455,0.0,46167.52012576431,-40208.19450216981,0.0,0.0,0.0,0.0
13,0.0,27786.739533298653,0.0,46092.52091436205,-40068.53155000138,0.0,0.0,0.0,0.0
14,0.0,27490.69876306558,0.0,46181.44432832676,-39746.53732623691,0.0,0.0,0.0,0.0
15,0.0,26797.805227130135,0.0,46424.261372780886,-39246.69753372292,0.0,0.0,0.0,0.0
16,0.0,25743.28568516182,0.0,46815.723005520995,-38677.46462952735,0.0,0.0,0.0,0.0
17,0.0,24624.283153773067,0.0,47350.742939534866,-38256.6153443438,0.0,0.0,0.0,0.0
18,0.0,23207.27624888875,0.0,47995.161339780556,-37716.82198137177,0.0,0.0,0.0,0.0
19,0.0,21322.643284632544,0.0,48807.631332595374,-36932.68841140641,0.0,0.0,0.0,0.0
20,0.0,20083.38507131323,0.0,49767.18401876529,-36789.63554904062,0.0,0.0,0.0,0.0
21,0.0,19442.898386420256,0.0,50859.94466295568,-37325.99414689684,0.0,0.0,0.0,0.0
22,0.0,18554.833188721073,0.0,52041.68277307815,-37333.22369502022,0.0,0.0,0.0,0.0
23,0.0,18359.323582951656,0.0,53408.344751383,-38072.8655065166,0.0,0.0,0.0,0.0
24,0.0,21568.78205622436,0.0,50773.30971561219,-38740.346680253046,0.0,0.0,0.0,0.0
25,0.0,23475.540993678158,0.0,48133.196706013434,-37980.767799916095,0.0,0.0,0.0,0.0
26,0.0,22957.759027574404,0.0,48021.54588427935,-37246.15730282057,0.0,0.0,0.0,0.0
27,0.0,23474.027272763356,0.0,46690.593659538696,-36537.456544431545,0.0,0.0,0.0,0.0
28,0.0,23186.67600265933,0.0,46342.92044791572,-35586.40890511686,0.0,0.0,0.0,0.0
29,0.0,23601.952576836426,0.0,46061.70128646844,-35641.54765445096,0.0,0.0,0.0,0.0
30,0.0,23761.890340976424,0.0,45832.89178370023,-35473.40574877698,0.0,0.0,0.0,0.0
31,0.0,24221.876569638625,0.0,45745.60325852739,-35775.66786823173,0.0,0.0,0.0,0.0
32,0.0,24305.04649918767,0.0,45768.30657611164,-35778.20335906894,0.0,0.0,0.0,0.0
33,0.0,24391.606736457532,0.0,45897.39561009707,-35936.55738540316,0.0,0.0,0.0,0.0
34,0.0,24739.736991371024,0.0,46142.716947368055,-36477.33724163982,0.0,0.0,0.0,0.0
35,0.0,24732.62393720098,0.0,46506.27415817964,-36731.29567005399,0.0,0.0,0.0,0.0
36,0.0,24535.425656296098,0.0,46988.29588248734,-36920.81326776243,0.0,0.0,0.0,0.0
37,0.0,24577.81413810288,0.0,47577.84011041396,-37433.04258558676,0.0,0.0,0.0,0.0
38,0.0,24652.372318892194,0.0,48291.21763944322,-38097.658662171365,0.0,0.0,0.0,0.0
39,0.0,24577.861372972766,0.0,49128.984653564126,-38598.71473852919,0.0,0.0,0.0,0.0
40,0.0,24400.710652143203,0.0,50078.21298087903,-39229.985280405854,0.0,0.0,0.0,0.0
41,0.0,23985.893128725234,0.0,51173.265035648554,-39763.83805950591,0.0,0.0,0.0,0.0
42,0.0,23341.168979905407,0.0,52383.0579722463,-40149.1119246108,0.0,0.0,0.0,0.0
43,0.0,23177.505858190052,0.0,53738.51402841895,-41205.63200197079,0.0,0.0,0.0,0.0
44,0.0,24763.58548727246,0.0,51859.665640483414,-40757.41325707042,0.0,0.0,0.0,0.0
45,0.0,26089.14588647508,0.0,49964.73035314954,-39925.288933919095,0.0,0.0,0.0,0.0
46,0.0,26404.760977597278,0.0,49971.92465218636,-39943.276363133795,0.0,0.0,0.0,0.0
47,0.0,26812.21004598026,0.0,49760.20092914623,-39884.80147411809,0.0,0.0,0.0,0.0
48,0.0,27285.35477464088,0.0,49881.86850897719,-40116.511368549356,0.0,0.0,0.0,0.0
49,0.0,28086.57077289635,0.0,50063.69977453611,-40753.134009220616,0.0,0.0,0.0,0.0
50,0.0,28421.837723164008,0.0,50331.13849815745,-40996.29117611734,0.0,0.0,0.0,0.0
51,0.0,28759.957942462446,0.0,50688.186538607435,-41330.88728619454,0.0,0.0,0.0,0.0
52,0.0,29066.593524865933,0.0,51139.88406133115,-41714.47391632122,0.0,0.0,0.0,0.0
53,0.0,29199.104782349634,0.0,51690.95371619962,-42027.20685688883,0.0,0.0,0.0,0.0
54,0.0,29475.32452140275,0.0,52184.67482838506,-42430.59950940875,0.0,0.0,0.0,0.0
55,0.0,29478.015002228218,0.0,52827.359554656876,-42737.367740582726,0.0,0.0,0.0,0.0
56,0.0,29715.32220702672,0.0,53613.21962597761,-43413.63291110306,0.0,0.0,0.0,0.0
57,0.0,30020.385642177145,0.0,54510.95155861987,-44258.64001074071,0.0,0.0,0.0,0.0
58,0.0,30223.53074821066,0.0,55590.85227362627,-45176.279562283446,0.0,0.0,0.0,0.0
59,0.0,30350.044074544086,0.0,56805.77902787781,-46034.86177978557,0.0,0.0,0.0,0.0
60,0.0,30816.73639292962,0.0,58174.530817286475,-47487.869136681984,0.0,0.0,0.0,0.0
61,0.0,31065.764488433175,0.0,59693.6785373795,-48828.41878491382,0.0,0.0,0.0,0.0
62,0.0,31485.196756573452,0.0,61386.59698262632,-50378.58861291854,0.0,0.0,0.0,0.0
63,0.0,31982.595027230782,0.0,63247.9364757597,-52267.42530035169,0.0,0.0,0.0,0.0
64,0.0,32781.72453031201,0.0,62471.193082237114,-51793.844290313325,0.0,0.0,0.0,0.0
65,0.0,33594.410786775166,0.0,61643.23054617581,-51188.55955161556,0.0,0.0,0.0,0.0
66,0.0,34185.03340837925,0.0,62576.469036593124,-52073.9853616779,0.0,0.0,0.0,0.0
67,0.0,36012.46564153208,0.0,62845.54787694402,-53509.8597082876,0.0,0.0,0.0,0.0
68,0.0,37051.852257373626,0.0,63289.36347641629,-54357.600963684104,0.0,0.0,0.0,0.0
69,0.0,37983.47206634865,0.0,63924.99646826176,-55289.804314368004,0.0,0.0,0.0,0.0
70,0.0,38336.40887886951,0.0,64723.60871968891,-55796.58120297882,0.0,0.0,0.0,0.0
71,0.0,38818.74398340608,0.0,65685.82900002043,-56581.203828990525,0.0,0.0,0.0,0.0
72,0.0,39199.516776415854,0.0,66761.04427461587,-57359.93254211654,0.0,0.0,0.0,0.0
73,0.0,40011.775401304534,0.0,67915.3139679471,-58617.91700999018,0.0,0.0,0.0,0.0
74,0.0,40194.8374317273,0.0,69142.28254352076,-59297.6356310937,0.0,0.0,0.0,0.0
75,0.0,41066.66233703803,0.0,70458.42112920755,-60725.52960428309,0.0,0.0,0.0,0.0
76,0.0,41738.85604202457,0.0,71837.98073774992,-62009.66660707056,0.0,0.0,0.0,0.0
77,0.0,42389.57032406729,0.0,73269.24679247395,-63311.10032611348,0.0,0.0,0.0,0.0
78,0.0,42961.67721568516,0.0,74732.68934413469,-64545.20390562468,0.0,0.0,0.0,0.0
79,0.0,43446.51781198041,0.0,76245.31834824663,-65729.96541301452,0.0,0.0,0.0,0.0
80,0.0,43819.02058781507,0.0,77814.70130558863,-66860.05857575599,0.0,0.0,0.0,0.0
81,0.0,44261.18934373039,0.0,79450.20198480945,-68115.11294317023,0.0,0.0,0.0,0.0
82,0.0,44191.41117965416,460.3017475208579,81125.45173141279,-69359.25392271529,0.0,0.0,0.0,0.0
83,0.0,43422.86723538641,1613.73011585188,82963.76982057063,-70763.53238015698,0.0,0.0,0.0,0.0
84,0.0,40290.493442766754,4053.9601539606106,83740.30693747378,-69614.14680673085,0.0,0.0,0.0,0.0
85,0.0,37923.18650554284,10347.099568888832,83435.45681542334,-67249.40468065684,0.0,0.0,0.0,0.0
86,0.0,36594.846257185105,11350.96321340025,85005.02086519981,-67738.65675302483,0.0,0.0,0.0,0.0
87,0.0,36165.59936615644,11950.03873083198,86457.92902282934,-68471.17967302099,0.0,0.0,0.0,0.0
88,0.0,35602.82182863947,12708.263998561124,87858.54093230372,-68612.75813210767,0.0,0.0,0.0,0.0
89,0.0,34269.21807915822,14427.091066353403,89197.2670774084,-66705.06224695696,0.0,0.0,0.0,0.0
90,0.0,33259.04698497815,15302.674405622363,90440.07375323119,-66607.09234472735,0.0,0.0,0.0,0.0
91,0.0,33753.34638229623,13397.85302609918,91392.93983855331,-66172.64164748094,0.0,0.0,0.0,0.0
92,0.0,31047.299026047247,13718.875067401452,93065.34457517754,-66411.99269529925,0.0,0.0,0.0,0.0
93,0.0,29997.287150465454,12382.704255705547,93753.45041814716,-64484.39437505264,0.0,0.0,0.0,0.0
94,0.0,29760.87068345974,9565.234233668905,94609.08696835852,-64323.65876538611,0.0,0.0,0.0,0.0
95,0.0,29677.827416699503,8111.701203377806,95945.16729436815,-64121.6476596658,0.0,0.0,0.0,0.0
96,0.0,30236.990104404726,6849.565355581317,97502.11162204422,-64283.439766811025,0.0,0.0,0.0,0.0
97,0.0,30852.322043956592,6047.368456374139,99007.26644272506,-63710.53714251913,0.0,0.0,0.0,0.0
98,0.0,30930.615683385196,5812.264936007374,100383.44164253357,-64452.98232223632,0.0,0.0,0.0,0.0
99,0.0,30941.431392002785,5249.471093966474,101861.34103992804,-64782.27977977002,0.0,0.0,0.0,0.0
100,0.0,30811.184073126497,5433.050898684952,103222.87024647066,-65242.800837956536,0.0,0.0,0.0,0.0
101,0.0,30989.40312491708,4537.97983665596,104640.60968147918,-65470.37255653402,0.0,0.0,0.0,0.0
102,0.0,31066.080211080174,4143.955344261608,106140.37579999413,-66060.4057414893,0.0,0.0,0.0,0.0
103,0.0,32131.61767042629,3980.0032663596876,107294.52975825866,-67094.92633191675,0.0,0.0,0.0,0.0
104,0.0,31768.58903731193,3671.3415461847458,107669.19648844068,-66408.2409561337,0.0,0.0,0.0,0.0
105,0.0,32544.947550150697,3840.07816357794,106941.93762574458,-66097.22918024262,0.0,0.0,0.0,0.0
106,0.0,32851.86752417301,3781.448755324847,107720.50277595123,-66355.08728896936,0.0,0.0,0.0,0.0
107,0.0,32632.200289029854,3769.264568270664,108623.53691025653,-66567.70916356036,0.0,0.0,0.0,0.0
108,0.0,33861.3765613367,3511.3843497677312,109372.29442741178,-67054.82084652253,0.0,0.0,0.0,0.0
109,0.0,33617.091160644944,3805.0374318052914,110388.56096219292,-67455.85158482108,0.0,0.0,0.0,0.0
110,0.0,34068.958960843105,3606.2291142813838,111152.91313328035,-67902.38507987939,0.0,0.0,0.0,0.0
111,0.0,33840.03884973793,3579.263470376461,111792.66861288667,-67921.10081660068,0.0,0.0,0.0,0.0
112,0.0,33569.7119985059,3893.2761682350047,112933.85039907433,-68499.22001628882,0.0,0.0,0.0,0.0
113,0.0,33413.16280305996,4187.416355982785,113042.23670233549,-67944.6996420463,0.0,0.0,0.0,0.0
114,0.0,33627.56759575934,3971.050804937626,113217.75023962386,-67290.80706738787,0.0,0.0,0.0,0.0
115,0.0,32999.22064886631,3864.264228915549,114019.14124909736,-66888.91672709219,0.0,0.0,0.0,0.0
116,0.0,33649.97688772703,3559.6323513755087,114944.34881174631,-67572.94180359466,0.0,0.0,0.0,0.0
117,0.0,33684.98611266115,3224.1588428797004,116101.73083926606,-67854.11746576343,0.0,0.0,0.0,0.0
118,0.0,34416.47580313502,3410.3556881958702,117181.53092935414,-69275.22731691998,0.0,0.0,0.0,0.0
119,0.0,34844.56998696777,3722.450744658114,118032.22592403088,-69514.5166790788,0.0,0.0,0.0,0.0
120,0.0,34767.32457255758,3948.056216568021,119245.39726700317,-69853.53789642856,0.0,0.0,0.0,0.0
121,0.0,35302.75612802343,3593.0029356572672,120632.93798972078,-70915.21901776968,0.0,0.0,0.0,0.0
122,0.0,35495.25065641083,3774.687557765124,122301.02211136637,-71723.91919163466,0.0,0.0,0.0,0.0
123,0.0,35555.503871030705,4126.431391780439,123599.73263430927,-72946.4712365645,0.0,0.0,0.0,0.0
124,0.0,34831.0020219127,4100.553305464204,124111.2082466654,-71444.83220058776,0.0,0.0,0.0,0.0
125,0.0,35187.023215345645,4212.491115630161,123735.94847079056,-70871.04659949582,0.0,0.0,0.0,0.0
126,0.0,36230.703465003564,4524.5632740100245,124662.85105009451,-72540.1222026919,0.0,0.0,0.0,0.0
127,0.0,36711.20148877462,4837.0690875660675,125699.65991683098,-73670.83769662255,0.0,0.0,0.0,0.0
128,0.0,36094.93098158562,5348.034540624927,127160.05251304837,-74368.26571836743,0.0,0.0,0.0,0.0
129,0.0,35923.91966862062,5455.480807253932,128661.66863411349,-75135.29227286726,0.0,0.0,0.0,0.0
130,0.0,35561.198119160086,5427.83162233489,129970.02918366564,-75416.94543078847,0.0,0.0,0.0,0.0
131,0.0,36280.4435485958,4923.139536816671,131166.94547530633,-76154.12400677882,0.0,0.0,0.0,0.0
132,0.0,36511.48409201955,4962.133485324215,133109.89824306974,-77060.24128918393,0.0,0.0,0.0,0.0
133,0.0,38023.670020386424,4075.1838164548717,133827.45394296694,-77633.63508728839,0.0,0.0,0.0,0.0
134,0.0,39084.99769034508,4228.667336361228,134624.32061277496,-78989.10785669863,0.0,0.0,0.0,0.0
135,0.0,39370.79484882394,4627.96250978766,135944.79504098743,-80414.87974539786,0.0,0.0,0.0,0.0
136,0.0,38934.04548901385,4798.880155766511,137388.3913680487,-80614.53697278266,0.0,0.0,0.0,0.0
137,0.0,38427.96035721191,5095.149688625766,138818.3864688104,-81148.43739797498,0.0,0.0,0.0,0.0
138,0.0,37488.343712168826,5430.552258006908,140553.38092566998,-81600.85615128893,0.0,0.0,0.0,0.0
139,0.0,38182.740543832246,5593.331545662023,141880.33609592472,-83086.17810641981,0.0,0.0,0.0,0.0
140,0.0,37994.68401617182,5531.119500524263,143762.1741745615,-82926.7439852098,0.0,0.0,0.0,0.0
141,0.0,37662.94773965744,5751.075178025673,145949.72183671233,-84421.81905173614,0.0,0.0,0.0,0.0
142,0.0,37296.7403023411,6606.880587191416,147925.52269915026,-86180.79647691052,0.0,0.0,0.0,0.0
143,0.0,37149.68943502222,6332.320677388032,149108.00324677187,-85811.03415673296,0.0,0.0,0.0,0.0
144,0.0,35785.477495660154,7123.317913170542,149622.5561333981,-84852.61193083363,0.0,0.0,0.0,0.0
145,0.0,36840.8702392706,6721.826558031335,148847.69990325038,-84036.09467348868,0.0,0.0,0.0,0.0
146,0.0,37331.68297630051,6396.027814594276,149764.8527927362,-84594.39775735541,0.0,0.0,0.0,0.0
147,0.0,38199.679477668404,6205.753335481112,150903.66908630196,-85653.55977155943,0.0,0.0,0.0,0.0
148,0.0,39633.82439124539,5501.614298994925,152470.21870587542,-86711.34284007295,0.0,0.0,0.0,0.0
149,0.0,39669.573714159116,5752.580410269417,154147.74154822872,-88044.70279488667,0.0,0.0,0.0,0.0
150,0.0,39828.35255032215,6060.074893391503,155153.54520698072,-88983.53446927182,0.0,0.0,0.0,0.0
151,0.0,39547.761712748186,6191.988777347405,155639.22060845073,-87950.71360873393,0.0,0.0,0.0,0.0
152,0.0,39298.60732309881,5844.921009869074,157063.676593649,-87978.19759450352,0.0,0.0,0.0,0.0
153,0.0,38933.43651482405,5808.563141732993,157446.20081512668,-87077.21760418796,0.0,0.0,0.0,0.0
154,0.0,39633.209308316196,5526.74606015197,157890.3282122419,-86956.16109809121,0.0,0.0,0.0,0.0
155,0.0,38899.75108564896,6155.555907972219,158826.6248716347,-87324.71315900394,0.0,0.0,0.0,0.0
156,0.0,39080.67648263809,5978.641880797682,159600.0467002656,-87534.64151095049,0.0,0.0,0.0,0.0
157,0.0,38976.579958512644,5739.95966283177,160722.30068597113,-87818.19952770631,0.0,0.0,0.0,0.0
158,0.0,39718.818936024036,5598.12105526272,161535.8614163451,-88648.42343396255,0.0,0.0,0.0,0.0
159,0.0,40744.50081273497,4916.062198964421,162347.14328728474,-89082.72338315757,0.0,0.0,0.0,0.0
160,0.0,40627.323131893216,5074.11767313251,163584.1678837826,-89443.20606344125,0.0,0.0,0.0,0.0
161,0.0,41117.54818434022,4967.731952464979,164921.78545573674,-90629.44822755184,0.0,0.0,0.0,0.0
162,0.0,41377.11051441241,4715.586816510445,165884.11194676644,-91000.7957929988,0.0,0.0,0.0,0.0
163,0.0,46398.08837223375,0.0,166537.74417631284,-91531.5132358594,0.0,0.0,0.0,0.0
164,0.0,42728.58679521024,4854.324157379338,168283.10239217515,-93651.58099593008,0.0,0.0,0.0,0.0
165,0.0,45988.39448577496,5029.026877061627,165314.56229464724,-93501.07132127193,0.0,0.0,0.0,0.0
166,0.0,44086.38202963812,4625.575166133201,165834.19679765528,-91156.04652788973,0.0,0.0,0.0,0.0
167,0.0,45008.315764556115,4663.2265072366135,166865.7792258937,-92601.59399896972,0.0,0.0,0.0,0.0
168,0.0,46918.655811731405,4259.17575048651,167887.9031299187,-94533.93684188098,0.0,0.0,0.0,0.0
169,0.0,47071.682369133436,5148.630526498975,169304.56685666353,-96247.76101098584,0.0,0.0,0.0,0.0
170,0.0,46504.05932015538,5070.991170593898,171077.66667982677,-96981.2258089161,0.0,0.0,0.0,0.0
171,0.0,46048.16778417761,6067.4462490640735,172449.55808027944,-97316.06506035366,0.0,0.0,0.0,0.0
172,0.0,45317.555474921675,7452.133684719111,174081.4459152017,-98026.39766443973,0.0,0.0,0.0,0.0
173,0.0,44645.854815467625,7837.829665876822,174861.7728475065,-95748.10681915398,0.0,0.0,0.0,0.0
174,0.0,44482.92124863568,7726.2764705229,175991.66448615098,-94079.41265580586,0.0,0.0,0.0,0.0
175,0.0,44154.259027460095,8306.170897150714,177550.98172638225,-93745.23976454885,0.0,0.0,0.0,0.0
176,0.0,44255.537856121184,8351.66700298736,178603.75872035834,-93108.50762230711,0.0,0.0,0.0,0.0
177,0.0,42579.395901613905,8952.614632093344,179756.03340182317,-93309.7984762475,0.0,0.0,0.0,0.0
178,0.0,43819.02141690621,8391.89580559987,180680.67143858623,-94435.20027879816,0.0,0.0,0.0,0.0
179,0.0,43447.298560532894,8908.791748109488,182178.03640505963,-95369.72833109781,0.0,0.0,0.0,0.0
180,0.0,42866.083080358585,9050.096785532984,183886.99856392553,-95936.73641609105,0.0,0.0,0.0,0.0
181,0.0,42811.78705012128,8794.40926732607,186026.470392635,-97398.08900191612,0.0,0.0,0.0,0.0
182,0.0,42917.4179731193,8450.83685266475,187975.74629340408,-99081.07970991342,0.0,0.0,0.0,0.0
183,0.0,43023.73565846218,9338.901805873142,189278.75357720847,-99841.52659341508,0.0,0.0,0.0,0.0
184,0.0,42504.21278170215,7011.451019165651,191284.24816917774,-100689.87099943304,0.0,0.0,0.0,0.0
185,0.0,44718.224762059275,6293.795740011176,188089.81669971286,-98536.55478258118,0.0,0.0,0.0,0.0
186,0.0,44873.7663313116,6279.091570019496,189116.3426895494,-99424.41659516205,0.0,0.0,0.0,0.0
187,0.0,45493.60466205629,5666.360973038685,190259.01363329435,-100152.55438701616,0.0,0.0,0.0,0.0
188,0.0,46262.691506517,4886.034032872852,191743.46640147766,-101203.6242873667,0.0,0.0,0.0,0.0
189,0.0,47300.227799129556,4724.018872928517,193365.7257368477,-102843.37603037014,0.0,0.0,0.0,0.0
190,0.0,47163.8907062416,4278.117973575461,195361.99400463598,-103995.04269620725,0.0,0.0,0.0,0.0
191,0.0,48185.92553346021,4846.470671370102,196513.7726312841,-106262.23572284536,0.0,0.0,0.0,0.0
192,0.0,49381.63063750674,5149.709708855913,197583.56058385858,-108105.31764148668,0.0,0.0,0.0,0.0
193,0.0,48689.691934114,6337.30639298606,198125.98293071458,-108357.46863541214,0.0,0.0,0.0,0.0
194,0.0,47920.273775194706,6638.287838020739,198530.89928883157,-106742.2614535808,0.0,0.0,0.0,0.0
195,0.0,47326.27843051388,7134.757763322358,199706.4368738207,-105007.34289746599,0.0,0.0,0.0,0.0
196,0.0,48128.63420510583,6769.541896320148,200641.0120220905,-106217.37135276844,0.0,0.0,0.0,0.0
197,0.0,47926.26282929328,6947.925263620197,201690.2444035485,-107006.47331639378,0.0,0.0,0.0,0.0
198,0.0,48426.04383339182,6545.97729191496,202492.27963349264,-106806.24888552711,0.0,0.0,0.0,0.0
199,0.0,50351.84913752638,5813.484602059489,204216.33706693654,-108892.10385927926,0.0,0.0,0.0,0.0
200,0.0,52122.465867754065,5516.862735937263,206025.78562449003,-111948.79554125955,0.0,0.0,0.0,0.0
201,0.0,54162.09482620538,5135.230456491301,208078.97429697265,-115174.79947701014,0.0,0.0,0.0,0.0
202,0.0,53521.37501823593,5465.951756913011,210303.1399139566,-116475.74500870223,0.0,0.0,0.0,0.0
203,0.0,52979.08930373176,5488.484557249591,212383.28076486746,-116910.58228472884,0.0,0.0,0.0,0.0
204,0.0,52361.735940105704,6304.329439390238,215022.44918131526,-118796.43070894261,0.0,0.0,0.0,0.0
205,0.0,53211.06292587571,6655.485639808184,212396.40791798357,-116514.64057064103,0.0,0.0,0.0,0.0
206,0.0,52258.239374613964,8246.594158710634,214466.00657851706,-118205.441713252,0.0,0.0,0.0,0.0
207,0.0,50958.60602356126,8956.871335207754,216288.5792654431,-118492.96386847,0.0,0.0,0.0,0.0
208,0.0,49601.05421991844,9069.997130021058,218641.54244774993,-118774.94644925988,0.0,0.0,0.0,0.0
209,0.0,49747.87994566453,9495.941291220994,220476.49736207063,-120183.09200070424,0.0,0.0,0.0,0.0
210,0.0,49184.35991469143,9454.72409785573,223189.58684436348,-120680.41623589113,0.0,0.0,0.0,0.0
211,0.0,50065.55936503133,9313.017964993718,224579.19432377798,-122075.09851386092,0.0,0.0,0.0,0.0
212,0.0,51235.84774491298,8115.697754856932,225874.64469023334,-121795.34808295732,0.0,0.0,0.0,0.0
213,0.0,51513.90159116204,7344.025991415855,227139.70516886548,-121899.208150602,0.0,0.0,0.0,0.0
214,0.0,53515.990105798825,6671.125475730972,228442.42253295914,-122930.89825946237,0.0,0.0,0.0,0.0
215,0.0,53029.78322325048,8035.211381592394,230578.9835725159,-125259.39804019911,0.0,0.0,0.0,0.0
216,0.0,52742.98196805929,8825.085759887084,231747.78256026344,-126347.45005448513,0.0,0.0,0.0,0.0
217,0.0,49304.74479580005,10571.38473205359,232580.12564993583,-125108.78017593971,0.0,0.0,0.0,0.0
218,0.0,49192.24295782424,10114.011214222577,231884.06591021898,-122629.3223927342,0.0,0.0,0.0,0.0
219,0.0,48977.13601603363,9806.811376523998,233372.28748004063,-123003.00582980391,0.0,0.0,0.0,0.0
220,0.0,51520.26502984,9028.009848610316,234275.596035176,-122690.8803503503,0.0,0.0,0.0,0.0
221,0.0,52568.44383909408,7885.54252326023,236044.37208800198,-124077.89458955944,0.0,0.0,0.0,0.0
222,0.0,53178.7475237592,7376.358141134732,237677.71213162792,-123821.207043179,0.0,0.0,0.0,0.0
223,0.0,56293.109429384196,5925.423701224768,238794.03893635952,-125393.47217342754,0.0,0.0,0.0,0.0
224,0.0,55871.267157700626,5674.975931284976,240858.36591657822,-126015.48620568673,0.0,0.0,0.0,0.0
225,0.0,56492.02592650453,6122.04573776649,237853.15929504152,-123039.58819342087,0.0,0.0,0.0,0.0
226,0.0,55736.23689354592,8235.310221079626,238447.55433604147,-123064.96169477614,0.0,0.0,0.0,0.0
227,0.0,52058.37682491259,11465.955311700998,238767.34974399308,-122011.59484493622,0.0,0.0,0.0,0.0
228,0.0,50607.98265231223,10507.121783903442,238766.46246533142,-117678.58426451577,0.0,0.0,0.0,0.0
229,0.0,50031.12060372766,9689.90004464414,239272.52667991724,-116742.06305175931,0.0,0.0,0.0,0.0
230,0.0,52739.21717378712,7803.63901038345,240560.4105222673,-118410.85564391338,0.0,0.0,0.0,0.0
231,0.0,55278.557948431975,6019.193329503963,241303.50886569257,-117522.14097395407,0.0,0.0,0.0,0.0
232,0.0,58581.62441290218,5074.399815297656,242555.91539041666,-120365.94219145551,0.0,0.0,0.0,0.0
233,0.0,60407.45101888061,4972.52458655405,243215.4509506546,-122242.21566736886,0.0,0.0,0.0,0.0
234,0.0,61402.76691070814,4901.195938979347,244347.61407781023,-123664.70082855523,0.0,0.0,0.0,0.0
235,0.0,60452.47485059727,5537.150500176546,246359.74525923454,-125270.63185169784,0.0,0.0,0.0,0.0
236,0.0,60734.91514769478,5701.334231184409,247409.1838146787,-126538.85177788766,0.0,0.0,0.0,0.0
237,0.0,59707.23876358073,6755.437974270829,248663.37019955507,-126455.99174897667,0.0,0.0,0.0,0.0
238,0.0,60212.77162082716,7213.545036894681,248166.7110892935,-125222.39432453261,0.0,0.0,0.0,0.0
239,0.0,59919.80294020122,7786.657485090573,250373.20906942894,-126964.45088696464,0.0,0.0,0.0,0.0
240,0.0,59645.54190027333,7655.122623361985,251802.03621394554,-126911.32572816339,0.0,0.0,0.0,0.0
241,0.0,59583.61729245727,7491.469439878179,254146.60468977212,-128398.21332560814,0.0,0.0,0.0,0.0
242,0.0,59504.46615498348,7648.393529814045,256955.16196511252,-130842.38116268377,0.0,0.0,0.0,0.0
243,0.0,60206.74275989041,7822.39243046383,259075.2601559409,-132802.6677447366,0.0,0.0,0.0,0.0
244,0.0,58429.23752517115,8448.623865749716,262167.1111211278,-133749.34096885458,0.0,0.0,0.0,0.0
245,0.0,49512.81325433609,18362.067612105297,259577.0303861066,-131807.12979726007,0.0,0.0,0.0,0.0
246,0.0,59912.64533112632,7227.033661608596,255881.85554146027,-125988.70726538074,0.0,0.0,0.0,0.0
247,0.0,52906.67355275834,11777.451701271713,258481.8327551165,-125287.2380057313,0.0,0.0,0.0,0.0
248,0.0,64996.664142837806,6309.193520795964,256673.2683531528,-126843.10833996318,0.0,0.0,0.0,0.0
249,0.0,62073.89310952195,6737.3302021942145,259034.48235474527,-125370.84720718977,0.0,0.0,0.0,0.0
250,0.0,68359.87095583329,3970.3738884831932,261781.70731482902,-130780.09115527313,0.0,0.0,0.0,0.0
251,0.0,69843.49211396938,3260.158929168415,263713.9539700775,-131960.2528896023,0.0,0.0,0.0,0.0
252,0.0,71024.31554293349,4277.941683581466,266872.20501619217,-135951.42986967988,0.0,0.0,0.0,0.0
253,0.0,70301.2806054453,6268.151759679212,269234.46002804476,-137632.3840655865,0.0,0.0,0.0,0.0
254,0.0,67679.10017025922,7601.006768887196,272035.66218266275,-138219.90625489212,0.0,0.0,0.0,0.0
255,0.0,64558.29198974665,9795.747882333892,275893.0904775177,-140107.1061793403,0.0,0.0,0.0,0.0
256,0.0,47976.57274648057,26995.36673168713,278198.1963195229,-139755.56047242106,0.0,0.0,0.0,0.0
257,0.0,62279.81087194304,11216.708341163185,271772.5206194949,-129785.06653197926,0.0,0.0,0.0,0.0
258,0.0,48113.13051484201,21074.775117743615,273465.44239581603,-125106.17071759864,0.0,0.0,0.0,0.0
259,0.0,61811.778596048316,9675.398225471514,271672.61232681904,-123212.56407310293,0.0,0.0,0.0,0.0
260,0.0,58522.60420901064,10942.150903684967,273611.7607555294,-122535.28125220834,0.0,0.0,0.0,0.0
261,0.0,72056.59609857864,5363.1589558480955,276055.14979927096,-132383.45366289208,0.0,0.0,0.0,0.0
262,0.0,70048.6641393268,4012.5652405898836,279471.11771619174,-134626.2204238513,0.0,0.0,0.0,0.0
263,0.0,74097.61168568183,4677.2854672896,282848.60979648866,-141232.70856567146,0.0,0.0,0.0,0.0
264,0.0,71548.19886984123,6642.430991066038,286823.1005969098,-143792.1854558287,0.0,0.0,0.0,0.0
265,0.0,70351.38847637584,6845.0330231662565,284877.8149668456,-140296.29495500895,0.0,0.0,0.0,0.0
266,0.0,68624.64449326643,9983.618176273381,282662.0472792983,-138308.06282582713,0.0,0.0,0.0,0.0
267,0.0,68133.3238337506,11886.575816262788,285517.03240211256,-140387.88675252075,0.0,0.0,0.0,0.0
268,0.0,67092.02440929714,14129.846284230967,284797.954006092,-138134.02768312802,0.0,0.0,0.0,0.0
269,0.0,69617.0390503069,12954.187536795262,286588.2378262286,-141802.0478336838,0.0,0.0,0.0,0.0
270,0.0,69772.77072047172,11333.83887892657,289357.2983532572,-143540.97145613068,0.0,0.0,0.0,0.0
271,0.0,70893.57647885964,7590.227866937862,291561.01643504936,-142682.39670267695,0.0,0.0,0.0,0.0
272,0.0,73155.23548576991,7289.603655791519,294581.34145569464,-147112.11204736243,0.0,0.0,0.0,0.0
273,0.0,73305.81891339179,7359.556644008425,298344.0928042434,-150141.1519381146,0.0,0.0,0.0,0.0
274,0.0,72833.59632755734,7108.801853855773,302842.63518238836,-152288.07207314696,0.0,0.0,0.0,0.0
275,0.0,72019.62943507718,7991.98659737754,308570.2623163658,-155345.7144303948,0.0,0.0,0.0,0.0
276,0.0,73075.8758828729,8213.884274674783,312679.5966382679,-159549.84027359795,0.0,0.0,0.0,0.0
277,0.0,76640.31900763151,9016.455355797036,307732.5579507282,-157003.9367787501,0.0,0.0,0.0,0.0
278,0.0,74481.23186380032,10824.26724543899,310077.2370762935,-158243.20310090893,0.0,0.0,0.0,0.0
279,0.0,73595.78170983832,11165.568934107661,308484.8422034303,-154999.13835308846,0.0,0.0,0.0,0.0
280,0.0,72954.00735990307,11582.729061617265,310973.26682429726,-155804.68720302414,0.0,0.0,0.0,0.0
281,0.0,73777.37501233853,11186.993292504772,313717.7861374952,-157329.63444463626,0.0,0.0,0.0,0.0
282,0.0,72968.20101619116,10590.698296212748,317763.7408064429,-160262.83657761884,0.0,0.0,0.0,0.0
283,0.0,72726.18727911328,12023.597702929512,322375.57252720674,-158191.27049933115,0.0,0.0,0.0,0.0
284,0.0,71942.19169030881,13336.52783252867,325410.88160881755,-160163.66545126704,0.0,0.0,0.0,0.0
285,0.0,70369.88171644807,14648.224138486266,323431.74887766846,-156588.12015870857,0.0,0.0,0.0,0.0
286,0.0,70345.76895983236,14250.47856471249,320728.6416327499,-153880.31705640972,0.0,0.0,0.0,0.0
287,0.0,70334.15383422373,14399.452075652145,323094.0159751301,-155590.7912866685,0.0,0.0,0.0,0.0
288,0.0,71716.67067655103,13108.809517246658,322417.9027600926,-154771.17990513402,0.0,0.0,0.0,0.0
289,0.0,72223.75199077024,12172.462028105241,324340.90458497975,-155824.466891657,0.0,0.0,0.0,0.0
290,0.0,72937.3872090037,10976.56236611775,327140.987776327,-157075.01236676375,0.0,0.0,0.0,0.0
291,0.0,76097.68417193525,9893.762472215281,328157.58182582085,-158911.90689357655,0.0,0.0,0.0,0.0
292,0.0,74640.80415435137,10436.465037294807,330317.2184458325,-160044.9368477978,0.0,0.0,0.0,0.0
293,0.0,72811.4502448367,16870.234967769182,332987.73625730915,-160826.34310928365,0.0,0.0,0.0,0.0
294,0.0,72899.31435446997,16239.219345460051,335515.00714724406,-162776.1472721472,0.0,0.0,0.0,0.0
295,0.0,73980.41081275431,14755.846558750456,339215.60128310043,-166358.71473528317,0.0,0.0,0.0,0.0
296,0.0,74465.13974753667,13877.426685255863,341726.4984163295,-167613.3201305556,0.0,0.0,0.0,0.0
297,0.0,78454.61191179806,13265.204165173122,335679.2763927184,-164873.93067680707,0.0,0.0,0.0,0.0
298,0.0,76598.79461426871,10184.724128224432,337061.69279894565,-164813.40615041085,0.0,0.0,0.0,0.0
299,0.0,78069.45325388217,9198.501436883624,334378.34812692786,-160645.44547826517,0.0,0.0,0.0,0.0
300,0.0,78637.9678399042,10387.694773722433,335543.28462532425,-162528.1352737347,0.0,0.0,0.0,0.0
301,0.0,79923.45206955029,9507.87797182289,337427.89435932325,-164852.03581079512,0.0,0.0,0.0,0.0
302,0.0,73278.13945371473,9336.407495297106,340055.9644844594,-165161.9606939446,0.0,0.0,0.0,0.0
303,0.0,74630.2346005058,12224.458820818034,343525.8230685826,-170187.64356774976,0.0,0.0,0.0,0.0
304,0.0,74378.88444772417,11544.733567286361,345080.344409677,-169367.0802025848,0.0,0.0,0.0,0.0
305,0.0,72177.96235147897,11601.838689194976,342709.20047219045,-163344.3310766519,0.0,0.0,0.0,0.0
306,0.0,73472.28354920672,12087.61839671848,339976.2221295238,-160990.2929983101,0.0,0.0,0.0,0.0
307,0.0,75514.5795959184,11371.950191675174,340622.7519399858,-161785.44892268445,0.0,0.0,0.0,0.0
308,0.0,77544.87117594237,10669.798305909015,339872.058470684,-161645.68320024616,0.0,0.0,0.0,0.0
309,0.0,79613.68671627287,8937.939569917884,341584.23961630464,-163479.323086774,0.0,0.0,0.0,0.0
310,0.0,80834.99802724486,7951.068855545501,344293.4100502851,-165937.39900323618,0.0,0.0,0.0,0.0
311,0.0,81516.56031301546,7131.785178602377,346861.22218465985,-167495.9787170293,0.0,0.0,0.0,0.0
312,0.0,81725.17936984485,7398.08494653677,349652.5260786097,-168737.55068435814,0.0,0.0,0.0,0.0
313,0.0,80695.44575387209,8411.24752819183,353709.597722004,-171616.17053398275,0.0,0.0,0.0,0.0
314,0.0,81195.18013898903,7360.650494903764,356778.3458357797,-175675.43659316708,0.0,0.0,0.0,0.0
315,0.0,81431.13361683454,10961.996178045678,360512.871779967,-182438.23345034104,0.0,0.0,0.0,0.0
316,0.0,81005.37221635361,10897.984162473613,363118.399876606,-183730.4164106821,0.0,0.0,0.0,0.0
317,0.0,81568.05281665555,11314.541341404913,358027.4609309284,-178797.6625346511,0.0,0.0,0.0,0.0
318,0.0,77333.81995884988,12311.921952869348,360417.2323090489,-176420.0569147906,0.0,0.0,0.0,0.0
319,0.0,79449.62561329482,11249.188232409895,358343.2207665735,-172293.44296604002,0.0,0.0,0.0,0.0
320,0.0,79477.48018143409,11663.473298730014,360705.40039292944,-173564.27501078884,0.0,0.0,0.0,0.0
321,0.0,82165.27212044399,11329.169959441995,362949.5761381189,-175107.74775001683,0.0,0.0,0.0,0.0
322,0.0,82250.75913616788,11730.512551638652,364791.29944154504,-176171.93882030915,0.0,0.0,0.0,0.0
323,0.0,83201.79528685621,10254.164582702046,368594.38877396367,-179113.8682241427,0.0,0.0,0.0,0.0
324,0.0,82406.87764414771,8647.355566078115,371484.93428499345,-178002.10737551103,0.0,0.0,0.0,0.0
325,0.0,81690.25769859542,8676.707648760295,371094.43009080045,-174257.62470340024,0.0,0.0,0.0,0.0
326,0.0,83813.9802713543,9774.437817733293,370641.7358444249,-175948.8858836812,0.0,0.0,0.0,0.0
327,0.0,85491.44771285578,10400.749712489454,371690.40575545456,-177883.4215277163,0.0,0.0,0.0,0.0
328,0.0,84296.08727960108,10393.442784202456,372622.8621188061,-176700.2604950912,0.0,0.0,0.0,0.0
329,0.0,84792.68897459004,11769.529395346734,374203.8773071004,-178748.1788288369,0.0,0.0,0.0,0.0
330,0.0,84351.09912852308,11214.148393429008,377252.1330779103,-179895.99217666042,0.0,0.0,0.0,0.0
331,0.0,82025.0662594281,11458.225172422292,380470.28414231614,-180218.56896056343,0.0,0.0,0.0,0.0
332,0.0,84503.51598993932,11016.922739245108,384138.5329880869,-183710.9395220629,0.0,0.0,0.0,0.0
333,0.0,84394.10307805358,11299.717858266878,388550.83891218103,-187400.51008165348,0.0,0.0,0.0,0.0
334,0.0,84862.83045400114,10993.22849391282,391357.0117860976,-189152.35924155745,0.0,0.0,0.0,0.0
335,0.0,86640.22309068068,10767.73248006843,395113.0992515563,-193621.14508125553,0.0,0.0,0.0,0.0
336,0.0,88620.26476429524,10476.305666672488,398383.8539180314,-197139.49025403973,0.0,0.0,0.0,0.0
337,0.0,91870.14152785463,9918.499616629164,395439.0671828392,-195238.1343081847,0.0,0.0,0.0,0.0
338,0.0,88600.67065308607,12288.228713180033,397858.71820772334,-195035.9774972796,0.0,0.0,0.0,0.0
339,0.0,87690.47575122454,12781.884666126334,396179.0113109482,-189550.74251652934,0.0,0.0,0.0,0.0
340,0.0,89239.02033079475,12563.405720198807,398148.2101996386,-191960.6412887353,0.0,0.0,0.0,0.0
341,0.0,89271.40008916898,12313.302095370189,401748.0721446905,-192862.03532273168,0.0,0.0,0.0,0.0
342,0.0,89363.53923458233,12870.879888781583,405829.2231151759,-196334.62370231078,0.0,0.0,0.0,0.0
343,0.0,89282.72684694886,14075.472897406828,409014.8097071075,-198745.12576946456,0.0,0.0,0.0,0.0
344,0.0,86284.41263590004,15709.975657285726,411379.11307886365,-197151.9814886295,0.0,0.0,0.0,0.0
345,0.0,85994.54684414052,13919.090120324323,410932.75282218773,-193431.99545939887,0.0,0.0,0.0,0.0
346,0.0,85570.7525382066,14267.854276767326,412168.80142913037,-190817.3340103927,0.0,0.0,0.0,0.0
347,0.0,91790.09035713061,13898.450550630689,414302.04908453673,-196496.82145615056,0.0,0.0,0.0,0.0
348,0.0,89140.79574052093,12565.165912169528,416394.6024933856,-194671.5065524181,0.0,0.0,0.0,0.0
349,0.0,90289.39789845102,12865.007540374185,419377.4473369935,-198211.65695776077,0.0,0.0,0.0,0.0
350,0.0,90929.84084603113,11673.836449579501,423660.5288637916,-200372.67963990796,0.0,0.0,0.0,0.0
351,0.0,93623.43172614255,11089.402945139978,426178.2583549234,-202856.3879531361,0.0,0.0,0.0,0.0
352,0.0,96409.79437077176,10902.016888920847,427739.64823026565,-204627.0068150648,0.0,0.0,0.0,0.0
353,0.0,95629.78360761503,11131.505498244434,431740.4393013826,-206939.82556109957,0.0,0.0,0.0,0.0
354,0.0,95654.52391702,10561.358072063498,435652.1267956912,-209220.04709206722,0.0,0.0,0.0,0.0
355,0.0,96457.51016452925,10226.993762728625,439648.24472849467,-209976.40298037344,0.0,0.0,0.0,0.0
356,0.0,97740.62376581674,11577.244006386327,442111.5988651026,-214045.90284664067,0.0,0.0,0.0,0.0
357,0.0,99247.47555942558,11255.741546539517,438314.92340569646,-211121.51495617468,0.0,0.0,0.0,0.0
358,0.0,94956.28226730869,15268.029792667498,440404.4365547851,-211429.57337010762,0.0,0.0,0.0,0.0
359,0.0,97889.0700746502,13592.187419526526,436684.0900480177,-206224.01456560023,0.0,0.0,0.0,0.0
360,0.0,93409.29742112558,15019.106679464434,438509.4435868341,-200577.76010631805,0.0,0.0,0.0,0.0
361,0.0,98671.12033455675,14626.819646569315,439476.04043257365,-203611.99140227798,0.0,0.0,0.0,0.0
362,0.0,98016.16150351292,14751.102375739054,441658.20387002185,-203702.94964682538,0.0,0.0,0.0,0.0
363,0.0,96714.76010681203,14345.759579376592,444748.66496108624,-204192.68153454392,0.0,0.0,0.0,0.0
364,0.0,98159.05917048639,12758.972426935448,447788.19076191384,-205838.97421600312,0.0,0.0,0.0,0.0
365,0.0,97636.03739745048,11918.503601911649,448957.4801682475,-204534.82513637506,0.0,0.0,0.0,0.0
366,0.0,99969.68508319443,12974.203565558735,450736.0373760473,-208470.45657560532,0.0,0.0,0.0,0.0
367,0.0,102731.38374917538,13999.154151451658,451886.22382780403,-212226.772554843,0.0,0.0,0.0,0.0
368,0.0,97046.9188791189,17878.251042139724,453115.8882276428,-210577.86345962493,0.0,0.0,0.0,0.0
369,0.0,95734.90302088148,16926.841879768013,452796.10165877844,-206538.46963829128,0.0,0.0,0.0,0.0
370,0.0,96245.45339429552,14763.305934736472,453013.4519694082,-204127.98071743833,0.0,0.0,0.0,0.0
371,0.0,95905.71009466659,14743.133526166039,456101.6713496233,-205651.40925361504,0.0,0.0,0.0,0.0
372,0.0,99073.48284975275,13115.114585412615,457361.79812848195,-205932.52290687576,0.0,0.0,0.0,0.0
373,0.0,101640.454092479,12949.594968928634,459141.6070922357,-209939.00168900398,0.0,0.0,0.0,0.0
374,0.0,101301.51971377534,12097.85741564971,462518.67522344243,-211463.93977748565,0.0,0.0,0.0,0.0
375,0.0,99680.53797999,10892.29804821347,466334.4291539595,-211203.50272279442,0.0,0.0,0.0,0.0
376,0.0,99698.24451883814,10418.554215135899,468736.2416789448,-214252.4301953348,0.0,0.0,0.0,0.0
377,0.0,100489.16515548246,11269.929679900217,464701.3650829351,-211351.72736352496,0.0,0.0,0.0,0.0
378,0.0,97864.74716697997,12099.458476928961,465531.09221549565,-210017.1068179603,0.0,0.0,0.0,0.0
379,0.0,100529.67848307964,10811.817629335408,460278.6695246295,-203541.89909645185,0.0,0.0,0.0,0.0
380,0.0,103240.4143848184,11451.097167566852,462362.03199065017,-207014.34258260322,0.0,0.0,0.0,0.0
381,0.0,104832.81763184519,10611.685501057922,461539.5000490278,-209394.00559451932,0.0,0.0,0.0,0.0
382,0.0,104175.91742744399,13401.962032683601,463452.08499949495,-212795.41507158932,0.0,0.0,0.0,0.0
383,0.0,105602.5021513997,10728.079839503818,464701.48787242605,-210600.67031219648,0.0,0.0,0.0,0.0
384,0.0,104465.15332905875,11103.203291849526,466727.03766099847,-210207.47917345582,0.0,0.0,0.0,0.0
385,0.0,106302.78782153326,11209.202161651328,467335.9867741115,-212079.34659688777,0.0,0.0,0.0,0.0
386,0.0,105745.62855508186,10330.589329198996,469920.2470153034,-212293.4068276733,0.0,0.0,0.0,0.0
387,0.0,107123.31526548004,10302.687565598517,473211.93185849953,-215025.62604639307,0.0,0.0,0.0,0.0
388,0.0,105532.03164597914,9721.284946458227,476694.9608821497,-211018.8829643161,0.0,0.0,0.0,0.0
389,0.0,109632.87165127568,8972.42378580619,478030.6231506231,-213510.43292593825,0.0,0.0,0.0,0.0
390,0.0,111113.25810813045,10650.124001985754,480784.9964341614,-216933.67924618165,0.0,0.0,0.0,0.0
391,0.0,114695.84757857597,10226.917785527003,486119.9347990279,-224567.63677272215,0.0,0.0,0.0,0.0
392,0.0,118054.03483252575,9441.522112104818,492387.1640495124,-231848.6483248795,0.0,0.0,0.0,0.0
393,0.0,118336.69705548558,10852.639350990165,498008.50451087975,-237490.68266937629,0.0,0.0,0.0,0.0
394,0.0,113381.84596495792,14810.570632294462,505883.7682421881,-241425.98914969066,0.0,0.0,0.0,0.0
395,0.0,106942.72744200064,20297.195724501653,514781.67440759315,-248052.3504722211,0.0,0.0,0.0,0.0
396,0.0,96948.9094553231,26534.805287780855,521037.6502140938,-248922.4906681084,0.0,0.0,0.0,0.0
397,0.0,110349.45974625698,11961.338164858264,516529.8706713924,-242038.16409641714,0.0,0.0,0.0,0.0
398,0.0,99456.65418787708,19366.308171741464,525078.8434949871,-245887.5681965187,0.0,0.0,0.0,0.0
399,0.0,107702.67747254523,20773.579007966673,520520.2577954587,-248052.5163300402,0.0,0.0,0.0,0.0
400,0.0,96412.90969902508,26811.858407136242,523835.38434685447,-243641.30444483372,0.0,0.0,0.0,0.0
