1,0.0,81055.6010719443,33330.14295843706,0.0,0.0,0.0,0.0,0.0,0.0
2,0.0,62019.54739581948,33314.64206016809,0.0,0.0,0.0,0.0,0.0,19710.0
3,0.0,40866.42993252561,25192.398957321282,0.0,0.0,0.0,0.0,0.0,49296.20533728687
4,0.0,48685.71463379118,20722.35545913759,0.0,0.0,0.0,0.0,0.0,50203.0
5,0.0,48318.733473343935,27766.85785825252,0.0,0.0,0.0,0.0,0.0,48476.0
6,0.0,60280.48346777216,22682.91872952894,0.0,0.0,0.0,0.0,0.0,43348.0
7,0.0,70812.39117368446,27925.621386631217,0.0,0.0,0.0,0.0,0.0,33290.0
8,0.0,73491.33001432796,29077.70948806859,0.0,0.0,0.0,0.0,0.0,32210.0
9,0.0,77417.42414725413,30524.044627803265,0.0,0.0,0.0,0.0,0.0,29893.0
10,0.0,79010.43187658535,31204.297043743627,0.0,0.0,0.0,0.0,0.0,30042.0
11,0.0,79399.33523607049,31734.654737068937,0.0,0.0,0.0,0.0,0.0,31178.0
12,0.0,78898.78847367113,31953.908467826892,0.0,0.0,0.0,0.0,0.0,33256.0
13,0.0,80831.01284625324,31800.504750065786,0.0,0.0,0.0,0.0,0.0,32960.0
14,0.0,82322.267365359,32065.483687200183,0.0,0.0,0.0,0.0,0.0,32895.0
15,0.0,83795.99156397075,31944.474140023278,0.0,0.0,0.0,0.0,0.0,33090.0
16,0.0,84776.66520664287,31868.345045648497,0.0,0.0,0.0,0.0,0.0,33899.0
17,0.0,84853.0337000386,31510.145944036663,0.0,0.0,0.0,0.0,0.0,35873.0
18,0.0,87389.20819391798,31215.679536820397,0.0,0.0,0.0,0.0,0.0,35616.0
19,0.0,91218.97590388027,31057.541670026854,0.0,0.0,0.0,0.0,0.0,34197.0
20,0.0,94520.8486211081,30897.179152129334,0.0,0.0,0.0,0.0,0.0,33299.0
21,0.0,95784.01713457907,30900.314708378042,0.0,0.0,0.0,0.0,0.0,34648.0
22,0.0,95249.9862332238,30924.333499208667,0.0,0.0,0.0,0.0,0.0,37448.0
23,0.0,94382.8230839626,31089.74718492338,0.0,0.0,0.0,0.0,0.0,40956.0
24,0.0,93476.0989764906,31320.499827840933,0.0,0.0,0.0,0.0,0.0,44179.0
25,0.0,93593.96058641539,31703.290412146147,0.0,0.0,0.0,0.0,0.0,44392.0
26,0.0,95643.78719368337,32096.26522730652,0.0,0.0,0.0,0.0,0.0,42978.0
27,0.0,98448.40174659359,31877.460513666512,0.0,0.0,0.0,0.0,0.0,41848.0
28,0.0,99069.80495714748,32324.93100500721,0.0,0.0,0.0,0.0,0.0,42086.0
29,0.0,100945.40111711127,32289.31740132358,0.0,0.0,0.0,0.0,0.0,41652.0
30,0.0,101198.91469648245,32448.46359325048,0.0,0.0,0.0,0.0,0.0,42845.0
31,0.0,101176.03344444222,32511.736357969537,0.0,0.0,0.0,0.0,0.0,44326.0
32,0.0,102049.40187016624,32618.04256324733,0.0,0.0,0.0,0.0,0.0,44938.0
33,0.0,103941.63180759939,32722.70455675776,0.0,0.0,0.0,0.0,0.0,44574.0
34,0.0,105505.8700934016,32828.20625815499,0.0,0.0,0.0,0.0,0.0,44545.0
35,0.0,105892.76606943285,32966.09003679751,0.0,0.0,0.0,0.0,0.0,45686.0
36,0.0,107376.30645586787,33095.20586980938,0.0,0.0,0.0,0.0,0.0,45774.0
37,0.0,108382.18340067375,33285.93203501381,0.0,0.0,0.0,0.0,0.0,46326.03864337382
38,0.0,110438.60827742671,33420.12555613199,0.0,0.0,0.0,0.0,0.0,45916.0
39,0.0,111007.0873348371,33594.05433736393,0.0,0.0,0.0,0.0,0.0,47098.42804817444
40,0.0,110112.48622897567,33857.04412096382,0.0,0.0,0.0,0.0,0.0,49826.0
41,0.0,109124.05919471045,34142.80450468018,0.0,0.0,0.0,0.0,0.0,52732.0
42,0.0,108098.76318667726,34473.34524890423,0.0,0.0,0.0,0.0,0.0,55708.0
43,0.0,108677.53690894406,34761.4934965876,0.0,0.0,0.0,0.0,0.0,57154.43176423476
44,0.0,110115.90592799653,35159.33056727116,0.0,0.0,0.0,0.0,0.0,57584.0
45,0.0,111527.28580240859,35969.628587784035,0.0,0.0,0.0,0.0,0.0,56026.77416203186
46,0.0,112767.16010286225,36753.49332257577,0.0,0.0,0.0,0.0,0.0,54761.0
47,0.0,113821.03303632677,37052.16665631774,0.0,0.0,0.0,0.0,0.0,54370.0
48,0.0,111555.90470872799,38035.050453988195,0.0,0.0,0.0,0.0,0.0,56343.0
49,0.0,108000.64693905761,38553.02871629307,0.0,0.0,0.0,0.0,0.0,60055.0
50,0.0,106731.61855414526,39067.65051894595,0.0,0.0,0.0,0.0,0.0,61400.0
51,0.0,107880.07205461306,39743.73316551918,0.0,0.0,0.0,0.0,0.0,60260.0
52,0.0,109279.2562133763,40343.046837894784,0.0,0.0,0.0,0.0,0.0,58761.0
53,0.0,108066.00290102375,41087.36751532073,0.0,0.0,0.0,0.0,0.0,59743.0
54,0.0,106643.00895470589,41785.99386967428,0.0,0.0,0.0,0.0,0.0,60793.0
55,0.0,106788.52816639192,42532.37146873688,0.0,0.0,0.0,0.0,0.0,60154.0
56,0.0,106005.81121030118,43203.856016127684,0.0,0.0,0.0,0.0,0.0,60244.0
57,0.0,104387.83329604125,43763.48366216296,0.0,0.0,0.0,0.0,0.0,60990.0
58,0.0,104174.33643528604,44279.97693874814,0.0,0.0,0.0,0.0,0.0,60172.0
59,0.0,105369.40216259909,44857.71073871462,0.0,0.0,0.0,0.0,0.0,57786.0
60,0.0,105636.56239266608,45518.62725137675,0.0,0.0,0.0,0.0,0.0,56104.0
61,0.0,102075.27894645072,46039.24084783459,0.0,0.0,0.0,0.0,0.0,58125.0
62,0.0,96462.33501162226,46568.84668941911,0.0,0.0,0.0,0.0,0.0,62099.0
63,0.0,93891.04462252207,47095.138220194916,0.0,0.0,0.0,0.0,0.0,62908.71011548325
64,0.0,91814.37985025396,47404.32529230851,0.0,0.0,0.0,0.0,0.0,63091.0
65,0.0,89822.87383355212,47171.12964823999,0.0,0.0,0.0,0.0,0.0,63816.0
66,0.0,88076.73868190474,47117.06877281112,0.0,0.0,0.0,0.0,0.0,64195.0
67,0.0,87591.50888833127,46895.79935356464,0.0,0.0,0.0,0.0,0.0,64139.0
68,0.0,87887.83126758169,46991.518073965744,0.0,0.0,0.0,0.0,0.0,63406.0
69,0.0,87143.03199067144,46951.5319973363,0.0,0.0,0.0,0.0,0.0,63513.0
70,0.0,88035.8899468776,46555.29206123199,0.0,0.0,0.0,0.0,0.0,61906.0
71,0.0,89958.17302849088,46623.225874083546,0.0,0.0,0.0,0.0,0.0,59925.0
72,0.0,89133.00698542598,46788.82125193597,0.0,0.0,0.0,0.0,0.0,60363.0
73,0.0,88441.77590257631,46600.71845459083,0.0,0.0,0.0,0.0,0.0,60602.0
74,0.0,88521.17312791751,46545.331298678684,0.0,0.0,0.0,0.0,0.0,61481.0
75,0.0,90028.77890977298,46403.87576151991,0.0,0.0,0.0,0.0,0.0,61280.0
76,0.0,92482.41267962707,46599.64886227966,0.0,0.0,0.0,0.0,0.0,60141.0
77,0.0,93308.68721496304,46903.6459681241,0.0,0.0,0.0,0.0,0.0,60096.0
78,0.0,94262.45458891144,46841.35321329688,0.0,0.0,0.0,0.0,0.0,60691.0
79,0.0,93076.59406904763,47223.06502841533,0.0,0.0,0.0,0.0,0.0,62774.0
80,0.0,90917.68156644139,46880.5407633025,0.0,0.0,0.0,0.0,0.0,65306.0
81,0.0,91047.08849560266,46487.56541849071,0.0,0.0,0.0,0.0,0.0,67059.0
82,0.0,92106.04824916353,46072.07991138931,0.0,0.0,0.0,0.0,0.0,67485.0
83,0.0,94512.51269115327,45796.5507726376,0.0,0.0,0.0,0.0,0.0,66531.0
84,0.0,97327.86568777588,45705.61098741193,0.0,0.0,0.0,0.0,0.0,65578.0
85,0.0,99469.03667146603,45009.46862074956,0.0,0.0,0.0,0.0,0.0,64346.0
86,0.0,102460.0279804999,44927.95183663289,0.0,0.0,0.0,0.0,0.0,62573.0
87,0.0,103012.44067082762,45360.21248020931,0.0,0.0,0.0,0.0,0.0,63298.0
88,0.0,99198.2402421435,45563.848153657054,0.0,0.0,0.0,0.0,0.0,67975.0
89,0.0,95547.72387855533,45085.68091723,0.0,0.0,0.0,0.0,0.0,73119.0
90,0.0,96947.72505134589,44701.137904318726,0.0,0.0,0.0,0.0,0.0,73511.85294166375
91,0.0,99460.62474414594,45097.2977252996,0.0,0.0,0.0,0.0,0.0,72696.0
92,0.0,101621.64968223512,45453.326870518715,0.0,0.0,0.0,0.0,0.0,72094.0
93,0.0,106351.80856075216,46347.104897305486,0.0,0.0,0.0,0.0,0.0,68048.0
94,0.0,110291.17380722416,47448.31033996735,0.0,0.0,0.0,0.0,0.0,64610.0
95,0.0,109940.47391939341,48322.8433812317,0.0,0.0,0.0,0.0,0.0,65351.0
96,0.0,109379.51280351002,48757.025515234614,0.0,0.0,0.0,0.0,0.0,66468.0
97,0.0,108767.19713727997,49113.803226582284,0.0,0.0,0.0,0.0,0.0,67738.0
98,0.0,107311.70346650461,49811.737906356386,0.0,0.0,0.0,0.0,0.0,69471.0
99,0.0,107583.63688685416,50149.98404784224,0.0,0.0,0.0,0.0,0.0,69662.0
100,0.0,108259.7953354134,50518.41495634985,0.0,0.0,0.0,0.0,0.0,69194.0
101,0.0,108783.12918106276,51458.25578683797,0.0,0.0,0.0,0.0,0.0,68710.0
102,0.0,109245.6672213689,52029.18723395794,0.0,0.0,0.0,0.0,0.0,68430.0
103,0.0,108792.81587625477,52894.03025180172,0.0,0.0,0.0,0.0,0.0,68823.0
104,0.0,107759.24679481688,53278.655780308465,0.0,0.0,0.0,0.0,0.0,69793.20395042252
105,0.0,105207.97272895993,53137.36492007928,0.0,0.0,0.0,0.0,0.0,71271.0
106,0.0,103510.60773759222,52905.02245375017,0.0,0.0,0.0,0.0,0.0,72464.23572401756
107,0.0,104410.87905866356,52580.06135050324,0.0,0.0,0.0,0.0,0.0,71395.0
108,0.0,106028.3155925193,52579.12264437241,0.0,0.0,0.0,0.0,0.0,69091.8192575658
109,0.0,107591.10234196682,52594.27803854913,0.0,0.0,0.0,0.0,0.0,67847.0
110,0.0,108114.84765988668,52179.39230904427,0.0,0.0,0.0,0.0,0.0,67752.0
111,0.0,107008.9678411271,51747.400855348504,0.0,0.0,0.0,0.0,0.0,70191.0
112,0.0,106402.19028666925,51476.30691166311,0.0,0.0,0.0,0.0,0.0,72085.0
113,0.0,106399.87610096186,51548.931886708706,0.0,0.0,0.0,0.0,0.0,72794.0
114,0.0,107501.5503964774,51382.13250587254,0.0,0.0,0.0,0.0,0.0,73038.0
115,0.0,109852.94533457539,51259.066828597744,0.0,0.0,0.0,0.0,0.0,72196.0
116,0.0,111326.34669124708,51481.28957035277,0.0,0.0,0.0,0.0,0.0,71969.0
117,0.0,112303.18372072077,51885.05744206579,0.0,0.0,0.0,0.0,0.0,72278.0
118,0.0,112568.8287869775,52373.51729309698,0.0,0.0,0.0,0.0,0.0,72927.0
119,0.0,112932.81591484397,52789.32277592922,0.0,0.0,0.0,0.0,0.0,73477.0
120,0.0,113101.05893184761,53221.74904806433,0.0,0.0,0.0,0.0,0.0,73934.0
121,0.0,114093.55659076241,53787.719292387446,0.0,0.0,0.0,0.0,0.0,73952.0
122,0.0,114586.26475029826,54536.94415147944,0.0,0.0,0.0,0.0,0.0,74190.0
123,0.0,114593.51703520343,55278.40500012719,0.0,0.0,0.0,0.0,0.0,74616.0
124,0.0,115567.41449477992,55660.95958749499,0.0,0.0,0.0,0.0,0.0,74155.0
125,0.0,115638.75162426902,55666.49227830554,0.0,0.0,0.0,0.0,0.0,73542.0
126,0.0,115100.8966756427,55824.25578233986,0.0,0.0,0.0,0.0,0.0,73618.0
127,0.0,114225.24380043996,55909.49561947382,0.0,0.0,0.0,0.0,0.0,74702.0
128,0.0,109892.25523397766,55816.23250351596,0.0,0.0,0.0,0.0,0.0,79429.0
129,0.0,108464.58514604764,55426.70367561611,0.0,0.0,0.0,0.0,0.0,82022.0
130,0.0,111403.33622042766,55891.29325247008,0.0,0.0,0.0,0.0,0.0,79752.0
131,0.0,116668.51307600654,56024.47140229245,0.0,0.0,0.0,0.0,0.0,75412.0
132,0.0,120708.80045166018,56525.4685939146,0.0,0.0,0.0,0.0,0.0,72285.0
133,0.0,120563.42715451309,57230.604999413525,0.0,0.0,0.0,0.0,0.0,73080.0
134,0.0,119076.49306542764,57613.930412849455,0.0,0.0,0.0,0.0,0.0,75364.0
135,0.0,118253.6789241885,57686.81295780486,0.0,0.0,0.0,0.0,0.0,77281.0
136,0.0,117474.45731040678,58332.23021725578,0.0,0.0,0.0,0.0,0.0,78654.0
137,0.0,118600.34018764066,58645.38347936232,0.0,0.0,0.0,0.0,0.0,78938.0
138,0.0,120493.33531592933,58761.65491900302,0.0,0.0,0.0,0.0,0.0,78735.0
139,0.0,121909.98342277961,59701.35826466585,0.0,0.0,0.0,0.0,0.0,78732.0
140,0.0,123624.95401393209,60143.417795134716,0.0,0.0,0.0,0.0,0.0,78411.0
141,0.0,121132.49581941018,61026.51250761569,0.0,0.0,0.0,0.0,0.0,81765.0
142,0.0,119586.71449499468,61110.48014015949,0.0,0.0,0.0,0.0,0.0,84764.0
143,0.0,120449.05131320194,61943.354142292825,0.0,0.0,0.0,0.0,0.0,85145.0
144,0.0,121144.98685500248,62463.47480954274,0.0,0.0,0.0,0.0,0.0,85683.0
145,0.0,117518.11556018196,62798.65360963191,0.0,0.0,0.0,0.0,0.0,89169.0
146,0.0,114947.84568549437,62553.09129426934,0.0,0.0,0.0,0.0,0.0,92232.0
147,0.0,118561.28395065556,62480.12431525577,0.0,0.0,0.0,0.0,0.0,89473.0
148,0.0,121528.40948084992,62508.37796204301,0.0,0.0,0.0,0.0,0.0,87234.0
149,0.0,123960.21362218689,62103.12888798849,0.0,0.0,0.0,0.0,0.0,86493.0
150,0.0,125589.10910188564,61907.028001938736,0.0,0.0,0.0,0.0,0.0,86197.0
151,0.0,126449.25405687539,61865.04557920197,0.0,0.0,0.0,0.0,0.0,87472.0
152,0.0,128823.22445465381,61553.60684708275,0.0,0.0,0.0,0.0,0.0,87216.0
153,0.0,130229.6411242277,61615.259531879216,0.0,0.0,0.0,0.0,0.0,87848.0
154,0.0,129109.29030875547,61869.94418319293,0.0,0.0,0.0,0.0,0.0,90733.0
155,0.0,130219.35403303761,61895.34699140367,0.0,0.0,0.0,0.0,0.0,91938.0
156,0.0,130834.42641060699,63011.75747486431,0.0,0.0,0.0,0.0,0.0,91857.0
157,0.0,128376.02300383954,63163.96479125254,0.0,0.0,0.0,0.0,0.0,95125.0
158,0.0,128553.85404700611,63098.94001608379,0.0,0.0,0.0,0.0,0.0,96935.0
159,0.0,130725.4232829613,63784.99807132283,0.0,0.0,0.0,0.0,0.0,96738.0
160,0.0,131755.58730554578,64506.45558360478,0.0,0.0,0.0,0.0,0.0,97030.0
161,0.0,136658.87962335764,65562.11991381226,0.0,0.0,0.0,0.0,0.0,93693.0
162,0.0,140570.07716684975,66728.60849248001,0.0,0.0,0.0,0.0,0.0,90923.0
163,0.0,141311.09206102064,67796.58669707678,0.0,0.0,0.0,0.0,0.0,91465.0
164,0.0,141323.18542895946,69156.72096889954,0.0,0.0,0.0,0.0,0.0,92135.0
165,0.0,137536.6673847127,69863.53311775475,0.0,0.0,0.0,0.0,0.0,94990.0
166,0.0,130197.2550040637,69730.48228061535,0.0,0.0,0.0,0.0,0.0,102618.0
167,0.0,125906.91824453295,69739.30153580448,0.0,0.0,0.0,0.0,0.0,107830.53507684259
168,0.0,122968.46755819333,69442.13781247738,0.0,0.0,0.0,0.0,0.0,111950.0
169,0.0,127630.51752545936,69176.0156512585,0.0,0.0,0.0,0.0,0.0,108279.0
170,0.0,139457.97330040284,70016.6237782286,0.0,0.0,0.0,0.0,0.0,97907.0
171,0.0,149173.0916588104,71411.80138932084,0.0,0.0,0.0,0.0,0.0,88703.0
172,0.0,154565.816790382,72635.23933060764,0.0,0.0,0.0,0.0,0.0,83442.0
173,0.0,154844.61427232216,73510.96550401197,0.0,0.0,0.0,0.0,0.0,83781.0
174,0.0,156101.01339382553,74620.69533308096,0.0,0.0,0.0,0.0,0.0,82742.0
175,0.0,156814.33174016717,75338.1718931474,0.0,0.0,0.0,0.0,0.0,82320.0
176,0.0,157725.18377271434,75696.28177284916,0.0,0.0,0.0,0.0,0.0,82266.0
177,0.0,158918.75169653635,75772.60777477172,0.0,0.0,0.0,0.0,0.0,81487.0
178,0.0,160409.39698617446,75920.06472816419,0.0,0.0,0.0,0.0,0.0,80915.0
179,0.0,158907.6699761579,75783.18006692886,0.0,0.0,0.0,0.0,0.0,83748.0
180,0.0,150293.7183496871,75827.77023918355,0.0,0.0,0.0,0.0,0.0,94273.0
181,0.0,145806.68762477566,75258.66027857001,0.0,0.0,0.0,0.0,0.0,101548.0
182,0.0,146992.5460808484,74954.028589901,0.0,0.0,0.0,0.0,0.0,102993.0
183,0.0,151230.98669587373,75195.49573266995,0.0,0.0,0.0,0.0,0.0,101317.0
184,0.0,155435.15428155946,75280.87063237613,0.0,0.0,0.0,0.0,0.0,99971.0
185,0.0,155728.25827088294,75589.59385564236,0.0,0.0,0.0,0.0,0.0,100648.0
186,0.0,157033.41853012855,75456.15744676447,0.0,0.0,0.0,0.0,0.0,101265.0
187,0.0,156851.9490357573,75904.18533839656,0.0,0.0,0.0,0.0,0.0,103383.0
188,0.0,158304.46462020627,76442.54243659627,0.0,0.0,0.0,0.0,0.0,103594.0
189,0.0,163625.18039025526,76586.01697987484,0.0,0.0,0.0,0.0,0.0,100304.0
190,0.0,168493.53123715296,77575.94225198514,0.0,0.0,0.0,0.0,0.0,96708.0
191,0.0,174694.47310487754,78038.982099671,0.0,0.0,0.0,0.0,0.0,91958.0
192,0.0,177463.6501862549,78655.16212043479,0.0,0.0,0.0,0.0,0.0,90420.0
193,0.0,181257.20149004986,79088.51637087035,0.0,0.0,0.0,0.0,0.0,87788.0
194,0.0,176293.38846839024,80319.70125067008,0.0,0.0,0.0,0.0,0.0,82339.0
195,0.0,172454.26037822498,79206.90113621755,0.0,0.0,0.0,0.0,0.0,88503.0
196,0.0,165007.84821876648,79550.4237725206,0.0,0.0,0.0,0.0,0.0,98108.0
197,0.0,161322.50786158588,79538.46214835609,0.0,0.0,0.0,0.0,0.0,104515.0
198,0.0,159208.90720245495,79148.81200020388,0.0,0.0,0.0,0.0,0.0,108712.0
199,0.0,164100.86843688873,79147.40853602896,0.0,0.0,0.0,0.0,0.0,107140.0
200,0.0,172001.96805747718,79554.92207136436,0.0,0.0,0.0,0.0,0.0,102536.0
201,0.0,180705.9227118396,80860.34909083156,0.0,0.0,0.0,0.0,0.0,95879.0
202,0.0,189026.3050576629,82061.74029253348,0.0,0.0,0.0,0.0,0.0,89200.0
203,0.0,192706.8881735239,83757.11332049132,0.0,0.0,0.0,0.0,0.0,86026.0
204,0.0,191639.70260408206,85091.47433266237,0.0,0.0,0.0,0.0,0.0,87859.0
205,0.0,185414.28544580197,84968.09519119699,0.0,0.0,0.0,0.0,0.0,93660.0
206,0.0,181369.005527471,84596.36693909319,0.0,0.0,0.0,0.0,0.0,98107.0
207,0.0,181326.12398156297,84892.14246035127,0.0,0.0,0.0,0.0,0.0,98890.0
208,0.0,186573.73255337868,84799.50802255818,0.0,0.0,0.0,0.0,0.0,94525.0
209,0.0,194535.639199497,85872.15340431733,0.0,0.0,0.0,0.0,0.0,87319.0
210,0.0,202948.38680767623,86739.15212430508,0.0,0.0,0.0,0.0,0.0,70309.0
211,0.0,196273.45209642968,86554.9588507948,0.0,0.0,0.0,0.0,0.0,78655.0
212,0.0,183694.20271092549,86351.11203484244,0.0,0.0,0.0,0.0,0.0,93125.4294691404
213,0.0,180227.57314432558,85244.85981580794,0.0,0.0,0.0,0.0,0.0,99396.0
214,0.0,177852.88780268343,84835.97761100747,0.0,0.0,0.0,0.0,0.0,104723.0
215,0.0,176036.8397892371,84690.86488397105,0.0,0.0,0.0,0.0,0.0,109905.0
216,0.0,178309.8887725968,84322.12796881875,0.0,0.0,0.0,0.0,0.0,110793.0
217,0.0,181172.62880775938,84708.34919037239,0.0,0.0,0.0,0.0,0.0,109771.0
218,0.0,179436.13485922868,84695.57222036397,0.0,0.0,0.0,0.0,0.0,113714.0
219,0.0,181020.9134027079,84489.65299892281,0.0,0.0,0.0,0.0,0.0,115556.0
220,0.0,183224.044483815,85088.10179221634,0.0,0.0,0.0,0.0,0.0,116831.0
221,0.0,183887.3398532055,85656.76940192239,0.0,0.0,0.0,0.0,0.0,118845.26996404339
222,0.0,187588.9319514938,86005.1521313644,0.0,0.0,0.0,0.0,0.0,118264.0
223,0.0,192538.80302177655,86845.7531564422,0.0,0.0,0.0,0.0,0.0,114044.0
224,0.0,198138.21384829318,88085.34702469115,0.0,0.0,0.0,0.0,0.0,109602.0
225,0.0,197648.5824492092,89196.81936212043,0.0,0.0,0.0,0.0,0.0,109547.98098397136
226,0.0,201767.12053647242,89029.67770072406,0.0,0.0,0.0,0.0,0.0,106592.0
227,0.0,203198.52713610968,90369.28407966359,0.0,0.0,0.0,0.0,0.0,105422.0
228,0.0,201385.01214795644,90795.28375949805,0.0,0.0,0.0,0.0,0.0,107514.0
229,0.0,197108.3862379127,91769.35110010859,0.0,0.0,0.0,0.0,0.0,112318.0
230,0.0,198294.64427647478,92415.73350452824,0.0,0.0,0.0,0.0,0.0,111808.0
231,0.0,204009.88912446928,93010.65245932958,0.0,0.0,0.0,0.0,0.0,107427.0
232,0.0,209752.52308706002,94038.96236592779,0.0,0.0,0.0,0.0,0.0,102723.0
233,0.0,212690.60096729608,95310.35184189251,0.0,0.0,0.0,0.0,0.0,99152.0
234,0.0,216086.4902561891,96802.89335037308,0.0,0.0,0.0,0.0,0.0,84727.0
235,0.0,193762.59309709037,96628.32040324749,0.0,0.0,0.0,0.0,0.0,107925.0
236,0.0,166196.63620813447,96053.24451606438,0.0,0.0,0.0,0.0,0.0,137986.48152628847
237,0.0,156133.8174302516,93494.15083947737,0.0,0.0,0.0,0.0,0.0,150730.0
238,0.0,159364.7265482465,92768.14989709848,0.0,0.0,0.0,0.0,0.0,150234.56264793163
239,0.0,177855.95336113242,92290.48007092581,0.0,0.0,0.0,0.0,0.0,135317.0
240,0.0,190706.72087581517,93880.93528424812,0.0,0.0,0.0,0.0,0.0,124840.94911985568
241,0.0,200115.09327393444,95556.0296472221,0.0,0.0,0.0,0.0,0.0,117620.0
242,0.0,206398.0741768397,97000.16629223454,0.0,0.0,0.0,0.0,0.0,113431.99856596423
243,0.0,203243.6722234796,98699.76466207135,0.0,0.0,0.0,0.0,0.0,116920.0
244,0.0,197586.9060812465,99323.2843564839,0.0,0.0,0.0,0.0,0.0,123785.0
245,0.0,197202.448482894,99641.8486021226,0.0,0.0,0.0,0.0,0.0,125157.0
246,0.0,197234.3394817696,99488.44455130103,0.0,0.0,0.0,0.0,0.0,126491.0
247,0.0,196708.84336328175,100343.15793446897,0.0,0.0,0.0,0.0,0.0,127409.0
248,0.0,200083.5959840205,100611.88952720104,0.0,0.0,0.0,0.0,0.0,125314.0
249,0.0,206143.20314379912,101239.0139654068,0.0,0.0,0.0,0.0,0.0,120959.0
250,0.0,213467.94215499927,102390.55816860191,0.0,0.0,0.0,0.0,0.0,115389.0
251,0.0,215116.6233358073,103770.66101952926,0.0,0.0,0.0,0.0,0.0,115183.0
252,0.0,216634.95967551813,104969.52857915599,0.0,0.0,0.0,0.0,0.0,115341.0
253,0.0,220808.66574053708,106384.62908064868,0.0,0.0,0.0,0.0,0.0,112790.81090222351
254,0.0,228968.9591140799,107438.53319218,0.0,0.0,0.0,0.0,0.0,106231.0
255,0.0,237217.71526287572,108688.19265150926,0.0,0.0,0.0,0.0,0.0,88969.0
256,0.0,226225.0220711685,107600.36445659296,0.0,0.0,0.0,0.0,0.0,101043.0
257,0.0,215205.9522427957,107287.68522234188,0.0,0.0,0.0,0.0,0.0,113842.74745828702
258,0.0,210810.51396708383,103858.29843141059,0.0,0.0,0.0,0.0,0.0,121007.0
259,0.0,204058.9304023466,104578.68950621743,0.0,0.0,0.0,0.0,0.0,129967.0
260,0.0,208912.67830290514,103700.81249722325,0.0,0.0,0.0,0.0,0.0,129669.81553132765
261,0.0,214736.22429732184,103774.31439711605,0.0,0.0,0.0,0.0,0.0,128080.0
262,0.0,218712.04491275732,104227.46510227528,0.0,0.0,0.0,0.0,0.0,128162.87212462818
263,0.0,220743.40391892445,104633.30976274192,0.0,0.0,0.0,0.0,0.0,128870.0
264,0.0,222606.37107903042,105224.95595178058,0.0,0.0,0.0,0.0,0.0,130285.99986830127
265,0.0,225809.51607619715,105492.39373640809,0.0,0.0,0.0,0.0,0.0,129531.0
266,0.0,226473.0760027451,105761.82120248234,0.0,0.0,0.0,0.0,0.0,131391.0
267,0.0,224143.26009559893,106805.58152725236,0.0,0.0,0.0,0.0,0.0,135831.0
268,0.0,224607.25109477006,106639.45662178098,0.0,0.0,0.0,0.0,0.0,137911.0
269,0.0,228104.85763605416,107140.77341975525,0.0,0.0,0.0,0.0,0.0,135403.0
270,0.0,230686.94228566572,107344.84491367065,0.0,0.0,0.0,0.0,0.0,133705.0
271,0.0,235377.64439609236,107775.43657471483,0.0,0.0,0.0,0.0,0.0,131401.0
272,0.0,241339.03571514238,108223.02279827638,0.0,0.0,0.0,0.0,0.0,127708.0
273,0.0,239235.26691256836,108819.14896964366,0.0,0.0,0.0,0.0,0.0,132069.0
274,0.0,232361.82980656184,109492.17930592176,0.0,0.0,0.0,0.0,0.0,142014.0
275,0.0,223466.72825222168,109571.45623517288,0.0,0.0,0.0,0.0,0.0,154539.0
276,0.0,216321.18933436213,110062.04547809246,0.0,0.0,0.0,0.0,0.0,164527.0
277,0.0,216548.86392012122,111239.25045739552,0.0,0.0,0.0,0.0,0.0,166809.0
278,0.0,223013.98364066245,111521.10004727435,0.0,0.0,0.0,0.0,0.0,162706.0
279,0.0,235670.06907923074,113256.94441568504,0.0,0.0,0.0,0.0,0.0,151591.0
280,0.0,251502.947758327,114781.51614534656,0.0,0.0,0.0,0.0,0.0,137103.0
281,0.0,248171.18379411998,117587.65085349565,0.0,0.0,0.0,0.0,0.0,128008.48497553194
282,0.0,240302.89589032286,116162.26646530676,0.0,0.0,0.0,0.0,0.0,139603.0
283,0.0,227777.83877348708,117854.51687719858,0.0,0.0,0.0,0.0,0.0,153551.0
284,0.0,224714.8011301017,118431.434136347,0.0,0.0,0.0,0.0,0.0,159713.0
285,0.0,223828.00195499422,119358.35923811437,0.0,0.0,0.0,0.0,0.0,162793.0
286,0.0,226807.11633859962,120123.98229235398,0.0,0.0,0.0,0.0,0.0,161218.0
287,0.0,232394.77602160236,121525.07501232302,0.0,0.0,0.0,0.0,0.0,158087.0
288,0.0,237724.26734506202,122587.10652900174,0.0,0.0,0.0,0.0,0.0,154123.0
289,0.0,243727.68846396543,123694.24112252097,0.0,0.0,0.0,0.0,0.0,131567.0
290,0.0,226792.54407530912,122067.63757825403,0.0,0.0,0.0,0.0,0.0,150873.0
291,0.0,206224.0735107389,120864.04559598952,0.0,0.0,0.0,0.0,0.0,175126.5322634529
292,0.0,206890.6685056708,118527.23308307161,0.0,0.0,0.0,0.0,0.0,181728.0
293,0.0,210975.53035964622,119214.89012028193,0.0,0.0,0.0,0.0,0.0,182710.0
294,0.0,219092.07361019208,119530.19151284998,0.0,0.0,0.0,0.0,0.0,178024.0
295,0.0,233958.7012520405,120128.59186966204,0.0,0.0,0.0,0.0,0.0,168055.0
296,0.0,245652.86728461456,121921.39452173897,0.0,0.0,0.0,0.0,0.0,159416.0
297,0.0,234902.56954046767,122648.1618749097,0.0,0.0,0.0,0.0,0.0,156386.0
298,0.0,234992.75640586554,119392.44791738839,0.0,0.0,0.0,0.0,0.0,162350.76058087463
299,0.0,238037.30913650515,120287.81016741996,0.0,0.0,0.0,0.0,0.0,162992.0
300,0.0,241234.46210258218,120221.17016519472,0.0,0.0,0.0,0.0,0.0,163663.0
301,0.0,241905.8160928646,120026.92235907362,0.0,0.0,0.0,0.0,0.0,166833.0
302,0.0,244957.07048519887,121030.24345793016,0.0,0.0,0.0,0.0,0.0,167465.0
303,0.0,238548.93097177206,121839.05482499725,0.0,0.0,0.0,0.0,0.0,177303.0
304,0.0,238403.733576879,122122.46375761628,0.0,0.0,0.0,0.0,0.0,181885.0
305,0.0,245190.22170969826,122529.30505486723,0.0,0.0,0.0,0.0,0.0,178956.80573451656
306,0.0,249996.0770152601,123045.1369332557,0.0,0.0,0.0,0.0,0.0,177328.0
307,0.0,258624.2562980798,123698.40415473873,0.0,0.0,0.0,0.0,0.0,172254.0
308,0.0,269064.0256112676,125337.10865073501,0.0,0.0,0.0,0.0,0.0,164140.0
309,0.0,273574.9343342164,126974.67032015166,0.0,0.0,0.0,0.0,0.0,161287.0
310,0.0,258566.53489577066,128939.34033627168,0.0,0.0,0.0,0.0,0.0,160423.0
311,0.0,254215.6458127059,125991.64243157023,0.0,0.0,0.0,0.0,0.0,169780.0
312,0.0,242985.8824225472,127130.24145958488,0.0,0.0,0.0,0.0,0.0,180050.0
313,0.0,246460.78007922086,126317.6188061382,0.0,0.0,0.0,0.0,0.0,180871.0
314,0.0,253166.35992623144,126868.65333817435,0.0,0.0,0.0,0.0,0.0,178474.0
315,0.0,263389.8131478947,128689.7688916616,0.0,0.0,0.0,0.0,0.0,171707.0
316,0.0,266126.10217108787,130017.2464089159,0.0,0.0,0.0,0.0,0.0,170849.0
317,0.0,265922.84605236235,130990.17791424085,0.0,0.0,0.0,0.0,0.0,174032.0
318,0.0,268514.7942725502,131300.49234442128,0.0,0.0,0.0,0.0,0.0,174723.8213351899
319,0.0,273629.0760690243,132937.1077071408,0.0,0.0,0.0,0.0,0.0,172172.0
320,0.0,278743.509900756,134296.1553907009,0.0,0.0,0.0,0.0,0.0,169079.4779650967
321,0.0,281622.87604833784,136420.796799169,0.0,0.0,0.0,0.0,0.0,168583.0
322,0.0,282370.968240235,137926.42984954666,0.0,0.0,0.0,0.0,0.0,171157.0
323,0.0,279816.66591771494,140028.1278517611,0.0,0.0,0.0,0.0,0.0,176263.0
324,0.0,274152.8122829545,140315.37865756155,0.0,0.0,0.0,0.0,0.0,185144.0
325,0.0,278870.01653468603,141222.17637918243,0.0,0.0,0.0,0.0,0.0,183568.0
326,0.0,289176.49039880873,143412.403511734,0.0,0.0,0.0,0.0,0.0,174898.0
327,0.0,292226.30350835284,145093.14894238475,0.0,0.0,0.0,0.0,0.0,173252.0
328,0.0,290801.0258308238,145275.09677587467,0.0,0.0,0.0,0.0,0.0,177489.0
329,0.0,290888.53011264704,146198.891847976,0.0,0.0,0.0,0.0,0.0,179610.0
330,0.0,292957.31071132864,147056.99804590736,0.0,0.0,0.0,0.0,0.0,180545.0
331,0.0,296649.2905518072,148336.8940966537,0.0,0.0,0.0,0.0,0.0,180202.93317536125
332,0.0,299864.8728737045,150597.0461358102,0.0,0.0,0.0,0.0,0.0,179073.0
333,0.0,285836.15546827024,150887.33291640788,0.0,0.0,0.0,0.0,0.0,175655.0
334,0.0,285979.3556692134,147082.05322175712,0.0,0.0,0.0,0.0,0.0,182871.0
335,0.0,275146.08228324796,148261.4139950588,0.0,0.0,0.0,0.0,0.0,197467.0
336,0.0,277826.9551312085,148564.10984225746,0.0,0.0,0.0,0.0,0.0,200530.0
337,0.0,281605.07230644074,148055.09828785784,0.0,0.0,0.0,0.0,0.0,203233.0
338,0.0,289755.6881632041,149873.86465774063,0.0,0.0,0.0,0.0,0.0,198697.0
339,0.0,279099.71851621964,150552.51367304282,0.0,0.0,0.0,0.0,0.0,192196.0
340,0.0,276831.8396847405,146382.90041165767,0.0,0.0,0.0,0.0,0.0,199512.0
341,0.0,270006.94774484145,147894.61054824915,0.0,0.0,0.0,0.0,0.0,210931.0
342,0.0,275489.5223992293,146946.30808093917,0.0,0.0,0.0,0.0,0.0,210989.0
343,0.0,290433.5599659657,146786.59445597132,0.0,0.0,0.0,0.0,0.0,203522.0
344,0.0,309229.32503359125,148098.1477725006,0.0,0.0,0.0,0.0,0.0,190011.0
345,0.0,327116.98893079313,149414.24005880873,0.0,0.0,0.0,0.0,0.0,156940.0
346,0.0,314559.7024896334,147712.85030087677,0.0,0.0,0.0,0.0,0.0,175933.0
347,0.0,295404.98456982983,147112.9854544733,0.0,0.0,0.0,0.0,0.0,201526.52418920744
348,0.0,296131.4787502369,144427.06446152483,0.0,0.0,0.0,0.0,0.0,208280.03677721985
349,0.0,297248.7746061903,146338.9969695482,0.0,0.0,0.0,0.0,0.0,212483.0
350,0.0,304645.18617364037,146701.79006936002,0.0,0.0,0.0,0.0,0.0,210572.0
351,0.0,313779.6021671067,148590.56231115712,0.0,0.0,0.0,0.0,0.0,204110.0
352,0.0,320391.9225716026,150255.4482886981,0.0,0.0,0.0,0.0,0.0,201952.0
353,0.0,328041.79184767645,151100.04187641843,0.0,0.0,0.0,0.0,0.0,197037.0
354,0.0,336939.40059602936,152871.84695006514,0.0,0.0,0.0,0.0,0.0,189416.0
355,0.0,333383.70442479826,153908.01394126407,0.0,0.0,0.0,0.0,0.0,181363.0
356,0.0,323385.03565676586,152820.60269556206,0.0,0.0,0.0,0.0,0.0,195326.0
357,0.0,307591.7701564134,154390.80463157757,0.0,0.0,0.0,0.0,0.0,215067.0
358,0.0,309074.7211427686,155028.74263474674,0.0,0.0,0.0,0.0,0.0,218198.0
359,0.0,316911.92252189986,156099.01152715203,0.0,0.0,0.0,0.0,0.0,212536.0
360,0.0,332797.4182362571,157557.40321304955,0.0,0.0,0.0,0.0,0.0,198525.0
361,0.0,341215.4801261024,159141.1588728739,0.0,0.0,0.0,0.0,0.0,192005.0
362,0.0,341744.6970777874,160147.0907623393,0.0,0.0,0.0,0.0,0.0,191287.0
363,0.0,344691.14066710137,161071.28624824318,0.0,0.0,0.0,0.0,0.0,191486.0
364,0.0,350547.92910029826,162740.4103818457,0.0,0.0,0.0,0.0,0.0,188398.0
365,0.0,349566.0474106877,164437.98989073082,0.0,0.0,0.0,0.0,0.0,192948.0
366,0.0,348226.03452908946,166321.20138562418,0.0,0.0,0.0,0.0,0.0,186450.0
367,0.0,334318.6775498281,166589.42224500902,0.0,0.0,0.0,0.0,0.0,203411.0
368,0.0,322029.8673708099,165668.66635827403,0.0,0.0,0.0,0.0,0.0,218930.10580412613
369,0.0,323492.21808211977,166486.0516695673,0.0,0.0,0.0,0.0,0.0,222685.0
370,0.0,330758.2102057182,167664.14977564913,0.0,0.0,0.0,0.0,0.0,219242.0
371,0.0,348785.91486748384,169131.7952281364,0.0,0.0,0.0,0.0,0.0,204585.0
372,0.0,341408.2136680772,171725.74013276573,0.0,0.0,0.0,0.0,0.0,192667.0
373,0.0,352099.2826966861,167882.98504934122,0.0,0.0,0.0,0.0,0.0,190724.0
374,0.0,360174.0983371455,170142.97992775546,0.0,0.0,0.0,0.0,0.0,187685.0
375,0.0,357702.86326878605,171388.37724675925,0.0,0.0,0.0,0.0,0.0,181513.0
376,0.0,319148.46723266906,169856.0677138354,0.0,0.0,0.0,0.0,0.0,224941.0
377,0.0,290565.79946786514,167425.6794180653,0.0,0.0,0.0,0.0,0.0,263062.74926817033
378,0.0,294201.6595306569,164481.3721563817,0.0,0.0,0.0,0.0,0.0,270978.0
379,0.0,315252.41689326154,166039.39557971834,0.0,0.0,0.0,0.0,0.0,256879.0
380,0.0,340776.29582483927,167208.02186465947,0.0,0.0,0.0,0.0,0.0,237260.0
381,0.0,364753.97175952565,170468.43605386326,0.0,0.0,0.0,0.0,0.0,218132.13282116287
382,0.0,364902.5724805892,173768.906145526,0.0,0.0,0.0,0.0,0.0,221966.0
383,0.0,354778.56130393676,176045.5071464057,0.0,0.0,0.0,0.0,0.0,236967.74333813193
384,0.0,333322.3527244465,177582.1925661731,0.0,0.0,0.0,0.0,0.0,263261.0
385,0.0,326445.21971463435,177948.76936892365,0.0,0.0,0.0,0.0,0.0,276442.0
386,0.0,335569.4333641235,179625.00062183445,0.0,0.0,0.0,0.0,0.0,273868.0
387,0.0,345130.2829503597,180604.98771364382,0.0,0.0,0.0,0.0,0.0,269447.0
388,0.0,365667.27169736684,182056.5394736573,0.0,0.0,0.0,0.0,0.0,253537.0
389,0.0,385205.7777423251,186399.9957995645,0.0,0.0,0.0,0.0,0.0,237060.0
390,0.0,401829.65454852104,189579.28529933942,0.0,0.0,0.0,0.0,0.0,219953.0
391,0.0,413333.6142777605,192060.75172059124,0.0,0.0,0.0,0.0,0.0,210627.0
392,0.0,417816.75430602976,195262.79465261204,0.0,0.0,0.0,0.0,0.0,207859.0
393,0.0,419424.53856446425,196011.83764835718,0.0,0.0,0.0,0.0,0.0,209538.0
394,0.0,420198.94623081875,198399.74252166005,0.0,0.0,0.0,0.0,0.0,207760.0
395,0.0,427898.5820020957,198618.8760466962,0.0,0.0,0.0,0.0,0.0,203129.0
396,0.0,437309.5768214205,199824.98147227077,0.0,0.0,0.0,0.0,0.0,174583.0
397,0.0,413635.4452615083,196756.19983391697,0.0,0.0,0.0,0.0,0.0,204965.0
398,0.0,385077.5972113624,196182.89907638586,0.0,0.0,0.0,0.0,0.0,240310.85502143862
399,0.0,373077.45727439766,188655.21671221012,0.0,0.0,0.0,0.0,0.0,263282.0
400,0.0,362597.3759196715,192602.92563948128,0.0,0.0,0.0,0.0,0.0,273814.0
